Workbook

Sheet Zusammenfassung
C1: Dry-bulb temperature (°C) | E1: People gain (kW) | F1: Dry resultant temperature (°C) | G1: Dry resultant temperature (°C) | J1: Mechanische Lüftung | K1: Mechanische Lüftung | L1: Mechanische Lüftung
J2: Empfundene Temperatur (°C) | K2: Stunden überschreiten | L2: Stunden >26oC
A3: Date | B3: Time | C3: =Ergebnisse!D4 -> Date | D3: θrm | G3: When occupied | J3: Obere Grenzwert
A4: Thu, 16/Apr | B4: 1 | C4: =Ergebnisse!C5 -> 6.8
B5: 0.041666667 | C5: =Ergebnisse!C6 -> 6.8
B6: 0.083333333 | C6: =Ergebnisse!C7 -> 4.7
B7: 0.125 | C7: =Ergebnisse!C8 -> 3.3
B8: 0.16666667 | C8: =Ergebnisse!C9 -> 3.4
B9: 0.20833333 | C9: =Ergebnisse!C10 -> 3.8
B10: 0.25 | C10: =Ergebnisse!C11 -> 3.8
B11: 0.29166667 | C11: =Ergebnisse!C12 -> 4
B12: 0.33333333 | C12: =Ergebnisse!C13 -> 4.4
B13: 0.375 | C13: =Ergebnisse!C14 -> 5
B14: 0.41666667 | C14: =Ergebnisse!C15 -> 6.7
B15: 0.45833333 | C15: =Ergebnisse!C16 -> 6.6
B16: 0.5 | C16: =Ergebnisse!C17 -> 7.4
... B27: 0.95833333 | C27: =Ergebnisse!C28 -> 6.7
A28: Fri, 17/Apr | B28: 1 | C28: =Ergebnisse!C29 -> 5.7
B29: 0.041666667 | C29: =Ergebnisse!C30 -> 6.2
B30: 0.083333333 | C30: =Ergebnisse!C31 -> 6.3
B31: 0.125 | C31: =Ergebnisse!C32 -> 5.4
B32: 0.16666667 | C32: =Ergebnisse!C33 -> 5.6
B33: 0.20833333 | C33: =Ergebnisse!C34 -> 5.7
B34: 0.25 | C34: =Ergebnisse!C35 -> 5.4
B35: 0.29166667 | C35: =Ergebnisse!C36 -> 5
B36: 0.33333333 | C36: =Ergebnisse!C37 -> 6
B37: 0.375 | C37: =Ergebnisse!C38 -> 6.3
B38: 0.41666667 | C38: =Ergebnisse!C39 -> 7.5
B39: 0.45833333 | C39: =Ergebnisse!C40 -> 9.6
B40: 0.5 | C40: =Ergebnisse!C41 -> 10.3
... B50: 0.91666667 | C50: =Ergebnisse!C51 -> 6.9
B51: 0.95833333 | C51: =Ergebnisse!C52 -> 6.4 | K51: =SUM(K52:K5160) -> 0 | L51: =SUM(L52:L5160) -> 0
A52: Sat, 18/Apr | B52: 1 | C52: =Ergebnisse!C53 -> 5.2 | D52: =AVERAGE(C5:C52) -> 6.9833333 | E52: =Ergebnisse!J53 -> 0 | F52: =Ergebnisse!F53 -> 22.65 | G52: =IF(E52>0,F52,0) -> 0 | J52: =IF(D52<12,24.5,IF(D52>17.5,26.5,20.14+D52*0.36363636)) -> 24.5 | K52: =IF(G52>J52,1,0) -> 0 | L52: =IF(G52>26,1,0) -> 0
B53: 0.041666667 | C53: =Ergebnisse!C54 -> 4.8 | D53: =AVERAGE(C6:C53) -> 6.9416667 | E53: =Ergebnisse!J54 -> 0 | F53: =Ergebnisse!F54 -> 22.52 | G53: =IF(E53>0,F53,0) -> 0 | J53: =IF(D53<12,24.5,IF(D53>17.5,26.5,20.14+D53*0.36363636)) -> 24.5 | K53: =IF(G53>J53,1,0) -> 0 | L53: =IF(G53>26,1,0) -> 0
B54: 0.083333333 | C54: =Ergebnisse!C55 -> 5 | D54: =AVERAGE(C7:C54) -> 6.9479167 | E54: =Ergebnisse!J55 -> 0 | F54: =Ergebnisse!F55 -> 22.39 | G54: =IF(E54>0,F54,0) -> 0 | J54: =IF(D54<12,24.5,IF(D54>17.5,26.5,20.14+D54*0.36363636)) -> 24.5 | K54: =IF(G54>J54,1,0) -> 0 | L54: =IF(G54>26,1,0) -> 0
B55: 0.125 | C55: =Ergebnisse!C56 -> 4.6 | D55: =AVERAGE(C8:C55) -> 6.975 | E55: =Ergebnisse!J56 -> 0 | F55: =Ergebnisse!F56 -> 22.26 | G55: =IF(E55>0,F55,0) -> 0 | J55: =IF(D55<12,24.5,IF(D55>17.5,26.5,20.14+D55*0.36363636)) -> 24.5 | K55: =IF(G55>J55,1,0) -> 0 | L55: =IF(G55>26,1,0) -> 0
B56: 0.16666667 | C56: =Ergebnisse!C57 -> 4.8 | D56: =AVERAGE(C9:C56) -> 7.0041667 | E56: =Ergebnisse!J57 -> 0 | F56: =Ergebnisse!F57 -> 22.15 | G56: =IF(E56>0,F56,0) -> 0 | J56: =IF(D56<12,24.5,IF(D56>17.5,26.5,20.14+D56*0.36363636)) -> 24.5 | K56: =IF(G56>J56,1,0) -> 0 | L56: =IF(G56>26,1,0) -> 0
B57: 0.20833333 | C57: =Ergebnisse!C58 -> 4.8 | D57: =AVERAGE(C10:C57) -> 7.025 | E57: =Ergebnisse!J58 -> 0 | F57: =Ergebnisse!F58 -> 22.04 | G57: =IF(E57>0,F57,0) -> 0 | J57: =IF(D57<12,24.5,IF(D57>17.5,26.5,20.14+D57*0.36363636)) -> 24.5 | K57: =IF(G57>J57,1,0) -> 0 | L57: =IF(G57>26,1,0) -> 0
B58: 0.25 | C58: =Ergebnisse!C59 -> 4.6 | D58: =AVERAGE(C11:C58) -> 7.0416667 | E58: =Ergebnisse!J59 -> 0 | F58: =Ergebnisse!F59 -> 22.07 | G58: =IF(E58>0,F58,0) -> 0 | J58: =IF(D58<12,24.5,IF(D58>17.5,26.5,20.14+D58*0.36363636)) -> 24.5 | K58: =IF(G58>J58,1,0) -> 0 | L58: =IF(G58>26,1,0) -> 0
B59: 0.29166667 | C59: =Ergebnisse!C60 -> 4.2 | D59: =AVERAGE(C12:C59) -> 7.0458333 | E59: =Ergebnisse!J60 -> 0.462 | F59: =Ergebnisse!F60 -> 22.61 | G59: =IF(E59>0,F59,0) -> 22.61 | J59: =IF(D59<12,24.5,IF(D59>17.5,26.5,20.14+D59*0.36363636)) -> 24.5 | K59: =IF(G59>J59,1,0) -> 0 | L59: =IF(G59>26,1,0) -> 0
B60: 0.33333333 | C60: =Ergebnisse!C61 -> 3.7 | D60: =AVERAGE(C13:C60) -> 7.03125 | E60: =Ergebnisse!J61 -> 0.693 | F60: =Ergebnisse!F61 -> 23.23 | G60: =IF(E60>0,F60,0) -> 23.23 | J60: =IF(D60<12,24.5,IF(D60>17.5,26.5,20.14+D60*0.36363636)) -> 24.5 | K60: =IF(G60>J60,1,0) -> 0 | L60: =IF(G60>26,1,0) -> 0
B61: 0.375 | C61: =Ergebnisse!C62 -> 4.8 | D61: =AVERAGE(C14:C61) -> 7.0270833 | E61: =Ergebnisse!J62 -> 1.155 | F61: =Ergebnisse!F62 -> 23.94 | G61: =IF(E61>0,F61,0) -> 23.94 | J61: =IF(D61<12,24.5,IF(D61>17.5,26.5,20.14+D61*0.36363636)) -> 24.5 | K61: =IF(G61>J61,1,0) -> 0 | L61: =IF(G61>26,1,0) -> 0
B62: 0.41666667 | C62: =Ergebnisse!C63 -> 5.2 | D62: =AVERAGE(C15:C62) -> 6.9958333 | E62: =Ergebnisse!J63 -> 1.155 | F62: =Ergebnisse!F63 -> 24.01 | G62: =IF(E62>0,F62,0) -> 24.01 | J62: =IF(D62<12,24.5,IF(D62>17.5,26.5,20.14+D62*0.36363636)) -> 24.5 | K62: =IF(G62>J62,1,0) -> 0 | L62: =IF(G62>26,1,0) -> 0
B63: 0.45833333 | C63: =Ergebnisse!C64 -> 5.1 | D63: =AVERAGE(C16:C63) -> 6.9645833 | E63: =Ergebnisse!J64 -> 0.924 | F63: =Ergebnisse!F64 -> 24 | G63: =IF(E63>0,F63,0) -> 24 | J63: =IF(D63<12,24.5,IF(D63>17.5,26.5,20.14+D63*0.36363636)) -> 24.5 | K63: =IF(G63>J63,1,0) -> 0 | L63: =IF(G63>26,1,0) -> 0
B64: 0.5 | C64: =Ergebnisse!C65 -> 5.3 | D64: =AVERAGE(C17:C64) -> 6.9208333 | E64: =Ergebnisse!J65 -> 0.231 | F64: =Ergebnisse!F65 -> 23.71 | G64: =IF(E64>0,F64,0) -> 23.71 | J64: =IF(D64<12,24.5,IF(D64>17.5,26.5,20.14+D64*0.36363636)) -> 24.5 | K64: =IF(G64>J64,1,0) -> 0 | L64: =IF(G64>26,1,0) -> 0
B65: 0.54166667 | C65: =Ergebnisse!C66 -> 5.2 | D65: =AVERAGE(C18:C65) -> 6.8604167 | E65: =Ergebnisse!J66 -> 0.693 | F65: =Ergebnisse!F66 -> 23.99 | G65: =IF(E65>0,F65,0) -> 23.99 | J65: =IF(D65<12,24.5,IF(D65>17.5,26.5,20.14+D65*0.36363636)) -> 24.5 | K65: =IF(G65>J65,1,0) -> 0 | L65: =IF(G65>26,1,0) -> 0 | Q65: Dry bulb temperature | R65: Operative temperature - mechanical ventilation (upper limit)
B66: 0.58333333 | C66: =Ergebnisse!C67 -> 5.1 | D66: =AVERAGE(C19:C66) -> 6.7708333 | E66: =Ergebnisse!J67 -> 1.155 | F66: =Ergebnisse!F67 -> 24 | G66: =IF(E66>0,F66,0) -> 24 | J66: =IF(D66<12,24.5,IF(D66>17.5,26.5,20.14+D66*0.36363636)) -> 24.5 | K66: =IF(G66>J66,1,0) -> 0 | L66: =IF(G66>26,1,0) -> 0 | Q66: 5 | R66: 24.5
B67: 0.625 | C67: =Ergebnisse!C68 -> 5 | D67: =AVERAGE(C20:C67) -> 6.66875 | E67: =Ergebnisse!J68 -> 0.924 | F67: =Ergebnisse!F68 -> 24 | G67: =IF(E67>0,F67,0) -> 24 | J67: =IF(D67<12,24.5,IF(D67>17.5,26.5,20.14+D67*0.36363636)) -> 24.5 | K67: =IF(G67>J67,1,0) -> 0 | L67: =IF(G67>26,1,0) -> 0 | Q67: 6 | R67: 24.5
B68: 0.66666667 | C68: =Ergebnisse!C69 -> 5.4 | D68: =AVERAGE(C21:C68) -> 6.5604167 | E68: =Ergebnisse!J69 -> 0.924 | F68: =Ergebnisse!F69 -> 24 | G68: =IF(E68>0,F68,0) -> 24 | J68: =IF(D68<12,24.5,IF(D68>17.5,26.5,20.14+D68*0.36363636)) -> 24.5 | K68: =IF(G68>J68,1,0) -> 0 | L68: =IF(G68>26,1,0) -> 0 | Q68: 7 | R68: 24.5
B69: 0.70833333 | C69: =Ergebnisse!C70 -> 5.7 | D69: =AVERAGE(C22:C69) -> 6.475 | E69: =Ergebnisse!J70 -> 0.462 | F69: =Ergebnisse!F70 -> 24 | G69: =IF(E69>0,F69,0) -> 24 | J69: =IF(D69<12,24.5,IF(D69>17.5,26.5,20.14+D69*0.36363636)) -> 24.5 | K69: =IF(G69>J69,1,0) -> 0 | L69: =IF(G69>26,1,0) -> 0 | Q69: 8 | R69: 24.5
B70: 0.75 | C70: =Ergebnisse!C71 -> 5.1 | D70: =AVERAGE(C23:C70) -> 6.3770833 | E70: =Ergebnisse!J71 -> 0.462 | F70: =Ergebnisse!F71 -> 23.54 | G70: =IF(E70>0,F70,0) -> 23.54 | J70: =IF(D70<12,24.5,IF(D70>17.5,26.5,20.14+D70*0.36363636)) -> 24.5 | K70: =IF(G70>J70,1,0) -> 0 | L70: =IF(G70>26,1,0) -> 0 | Q70: 9 | R70: 24.5
B71: 0.79166667 | C71: =Ergebnisse!C72 -> 4.3 | D71: =AVERAGE(C24:C71) -> 6.2770833 | E71: =Ergebnisse!J72 -> 0 | F71: =Ergebnisse!F72 -> 23.17 | G71: =IF(E71>0,F71,0) -> 0 | J71: =IF(D71<12,24.5,IF(D71>17.5,26.5,20.14+D71*0.36363636)) -> 24.5 | K71: =IF(G71>J71,1,0) -> 0 | L71: =IF(G71>26,1,0) -> 0 | Q71: 10 | R71: 24.5
B72: 0.83333333 | C72: =Ergebnisse!C73 -> 4.3 | D72: =AVERAGE(C25:C72) -> 6.1854167 | E72: =Ergebnisse!J73 -> 0 | F72: =Ergebnisse!F73 -> 22.93 | G72: =IF(E72>0,F72,0) -> 0 | J72: =IF(D72<12,24.5,IF(D72>17.5,26.5,20.14+D72*0.36363636)) -> 24.5 | K72: =IF(G72>J72,1,0) -> 0 | L72: =IF(G72>26,1,0) -> 0 | Q72: 11 | R72: 24.5
B73: 0.875 | C73: =Ergebnisse!C74 -> 4.2 | D73: =AVERAGE(C26:C73) -> 6.0979167 | E73: =Ergebnisse!J74 -> 0 | F73: =Ergebnisse!F74 -> 22.75 | G73: =IF(E73>0,F73,0) -> 0 | J73: =IF(D73<12,24.5,IF(D73>17.5,26.5,20.14+D73*0.36363636)) -> 24.5 | K73: =IF(G73>J73,1,0) -> 0 | L73: =IF(G73>26,1,0) -> 0 | Q73: 12 | R73: 24.5
B74: 0.91666667 | C74: =Ergebnisse!C75 -> 4.2 | D74: =AVERAGE(C27:C74) -> 6.0208333 | E74: =Ergebnisse!J75 -> 0 | F74: =Ergebnisse!F75 -> 22.6 | G74: =IF(E74>0,F74,0) -> 0 | J74: =IF(D74<12,24.5,IF(D74>17.5,26.5,20.14+D74*0.36363636)) -> 24.5 | K74: =IF(G74>J74,1,0) -> 0 | L74: =IF(G74>26,1,0) -> 0 | Q74: 17.5 | R74: 26.5
B75: 0.95833333 | C75: =Ergebnisse!C76 -> 4.3 | D75: =AVERAGE(C28:C75) -> 5.9708333 | E75: =Ergebnisse!J76 -> 0 | F75: =Ergebnisse!F76 -> 22.45 | G75: =IF(E75>0,F75,0) -> 0 | J75: =IF(D75<12,24.5,IF(D75>17.5,26.5,20.14+D75*0.36363636)) -> 24.5 | K75: =IF(G75>J75,1,0) -> 0 | L75: =IF(G75>26,1,0) -> 0 | Q75: 35 | R75: 26.5
A76: Sun, 19/Apr | B76: 1 | C76: =Ergebnisse!C77 -> 4.3 | D76: =AVERAGE(C29:C76) -> 5.9416667 | E76: =Ergebnisse!J77 -> 0 | F76: =Ergebnisse!F77 -> 22.32 | G76: =IF(E76>0,F76,0) -> 0 | J76: =IF(D76<12,24.5,IF(D76>17.5,26.5,20.14+D76*0.36363636)) -> 24.5 | K76: =IF(G76>J76,1,0) -> 0 | L76: =IF(G76>26,1,0) -> 0
B77: 0.041666667 | C77: =Ergebnisse!C78 -> 4.2 | D77: =AVERAGE(C30:C77) -> 5.9 | E77: =Ergebnisse!J78 -> 0 | F77: =Ergebnisse!F78 -> 22.19 | G77: =IF(E77>0,F77,0) -> 0 | J77: =IF(D77<12,24.5,IF(D77>17.5,26.5,20.14+D77*0.36363636)) -> 24.5 | K77: =IF(G77>J77,1,0) -> 0 | L77: =IF(G77>26,1,0) -> 0
B78: 0.083333333 | C78: =Ergebnisse!C79 -> 4.2 | D78: =AVERAGE(C31:C78) -> 5.85625 | E78: =Ergebnisse!J79 -> 0 | F78: =Ergebnisse!F79 -> 22.07 | G78: =IF(E78>0,F78,0) -> 0 | J78: =IF(D78<12,24.5,IF(D78>17.5,26.5,20.14+D78*0.36363636)) -> 24.5 | K78: =IF(G78>J78,1,0) -> 0 | L78: =IF(G78>26,1,0) -> 0 | Q78: Dry bulb temperature | R78: Operative temperature - mechanical ventilation (lower limit)
B79: 0.125 | C79: =Ergebnisse!C80 -> 4.1 | D79: =AVERAGE(C32:C79) -> 5.8291667 | E79: =Ergebnisse!J80 -> 0 | F79: =Ergebnisse!F80 -> 22 | G79: =IF(E79>0,F79,0) -> 0 | J79: =IF(D79<12,24.5,IF(D79>17.5,26.5,20.14+D79*0.36363636)) -> 24.5 | K79: =IF(G79>J79,1,0) -> 0 | L79: =IF(G79>26,1,0) -> 0 | Q79: 5 | R79: 20.5
B80: 0.16666667 | C80: =Ergebnisse!C81 -> 4 | D80: =AVERAGE(C33:C80) -> 5.7958333 | E80: =Ergebnisse!J81 -> 0 | F80: =Ergebnisse!F81 -> 22 | G80: =IF(E80>0,F80,0) -> 0 | J80: =IF(D80<12,24.5,IF(D80>17.5,26.5,20.14+D80*0.36363636)) -> 24.5 | K80: =IF(G80>J80,1,0) -> 0 | L80: =IF(G80>26,1,0) -> 0 | Q80: 6 | R80: 20.5
B81: 0.20833333 | C81: =Ergebnisse!C82 -> 3.9 | D81: =AVERAGE(C34:C81) -> 5.7583333 | E81: =Ergebnisse!J82 -> 0 | F81: =Ergebnisse!F82 -> 22 | G81: =IF(E81>0,F81,0) -> 0 | J81: =IF(D81<12,24.5,IF(D81>17.5,26.5,20.14+D81*0.36363636)) -> 24.5 | K81: =IF(G81>J81,1,0) -> 0 | L81: =IF(G81>26,1,0) -> 0 | Q81: 7 | R81: 20.5
B82: 0.25 | C82: =Ergebnisse!C83 -> 4.1 | D82: =AVERAGE(C35:C82) -> 5.73125 | E82: =Ergebnisse!J83 -> 0 | F82: =Ergebnisse!F83 -> 22 | G82: =IF(E82>0,F82,0) -> 0 | J82: =IF(D82<12,24.5,IF(D82>17.5,26.5,20.14+D82*0.36363636)) -> 24.5 | K82: =IF(G82>J82,1,0) -> 0 | L82: =IF(G82>26,1,0) -> 0 | Q82: 8 | R82: 20.5
B83: 0.29166667 | C83: =Ergebnisse!C84 -> 4.2 | D83: =AVERAGE(C36:C83) -> 5.7145833 | E83: =Ergebnisse!J84 -> 0.462 | F83: =Ergebnisse!F84 -> 22.47 | G83: =IF(E83>0,F83,0) -> 22.47 | J83: =IF(D83<12,24.5,IF(D83>17.5,26.5,20.14+D83*0.36363636)) -> 24.5 | K83: =IF(G83>J83,1,0) -> 0 | L83: =IF(G83>26,1,0) -> 0 | Q83: 9 | R83: 20.5
B84: 0.33333333 | C84: =Ergebnisse!C85 -> 4.3 | D84: =AVERAGE(C37:C84) -> 5.6791667 | E84: =Ergebnisse!J85 -> 0.693 | F84: =Ergebnisse!F85 -> 22.94 | G84: =IF(E84>0,F84,0) -> 22.94 | J84: =IF(D84<12,24.5,IF(D84>17.5,26.5,20.14+D84*0.36363636)) -> 24.5 | K84: =IF(G84>J84,1,0) -> 0 | L84: =IF(G84>26,1,0) -> 0 | Q84: 19 | R84: 20.5
B85: 0.375 | C85: =Ergebnisse!C86 -> 4.2 | D85: =AVERAGE(C38:C85) -> 5.6354167 | E85: =Ergebnisse!J86 -> 1.155 | F85: =Ergebnisse!F86 -> 23.72 | G85: =IF(E85>0,F85,0) -> 23.72 | J85: =IF(D85<12,24.5,IF(D85>17.5,26.5,20.14+D85*0.36363636)) -> 24.5 | K85: =IF(G85>J85,1,0) -> 0 | L85: =IF(G85>26,1,0) -> 0 | Q85: 23.5 | R85: 22
B86: 0.41666667 | C86: =Ergebnisse!C87 -> 4.6 | D86: =AVERAGE(C39:C86) -> 5.575 | E86: =Ergebnisse!J87 -> 1.155 | F86: =Ergebnisse!F87 -> 24.01 | G86: =IF(E86>0,F86,0) -> 24.01 | J86: =IF(D86<12,24.5,IF(D86>17.5,26.5,20.14+D86*0.36363636)) -> 24.5 | K86: =IF(G86>J86,1,0) -> 0 | L86: =IF(G86>26,1,0) -> 0 | Q86: 35 | R86: 22
B87: 0.45833333 | C87: =Ergebnisse!C88 -> 5.7 | D87: =AVERAGE(C40:C87) -> 5.49375 | E87: =Ergebnisse!J88 -> 0.924 | F87: =Ergebnisse!F88 -> 24 | G87: =IF(E87>0,F87,0) -> 24 | J87: =IF(D87<12,24.5,IF(D87>17.5,26.5,20.14+D87*0.36363636)) -> 24.5 | K87: =IF(G87>J87,1,0) -> 0 | L87: =IF(G87>26,1,0) -> 0
B88: 0.5 | C88: =Ergebnisse!C89 -> 7 | D88: =AVERAGE(C41:C88) -> 5.425 | E88: =Ergebnisse!J89 -> 0.231 | F88: =Ergebnisse!F89 -> 23.75 | G88: =IF(E88>0,F88,0) -> 23.75 | J88: =IF(D88<12,24.5,IF(D88>17.5,26.5,20.14+D88*0.36363636)) -> 24.5 | K88: =IF(G88>J88,1,0) -> 0 | L88: =IF(G88>26,1,0) -> 0
B89: 0.54166667 | C89: =Ergebnisse!C90 -> 7.2 | D89: =AVERAGE(C42:C89) -> 5.3583333 | E89: =Ergebnisse!J90 -> 0.693 | F89: =Ergebnisse!F90 -> 24 | G89: =IF(E89>0,F89,0) -> 24 | J89: =IF(D89<12,24.5,IF(D89>17.5,26.5,20.14+D89*0.36363636)) -> 24.5 | K89: =IF(G89>J89,1,0) -> 0 | L89: =IF(G89>26,1,0) -> 0 | Q89: Dry bulb temperature | R89: Operative temperature - natural ventilation
B90: 0.58333333 | C90: =Ergebnisse!C91 -> 7.3 | D90: =AVERAGE(C43:C90) -> 5.34375 | E90: =Ergebnisse!J91 -> 1.155 | F90: =Ergebnisse!F91 -> 24.01 | G90: =IF(E90>0,F90,0) -> 24.01 | J90: =IF(D90<12,24.5,IF(D90>17.5,26.5,20.14+D90*0.36363636)) -> 24.5 | K90: =IF(G90>J90,1,0) -> 0 | L90: =IF(G90>26,1,0) -> 0 | Q90: 5 | R90: 25
B91: 0.625 | C91: =Ergebnisse!C92 -> 7.8 | D91: =AVERAGE(C44:C91) -> 5.3458333 | E91: =Ergebnisse!J92 -> 0.924 | F91: =Ergebnisse!F92 -> 24 | G91: =IF(E91>0,F91,0) -> 24 | J91: =IF(D91<12,24.5,IF(D91>17.5,26.5,20.14+D91*0.36363636)) -> 24.5 | K91: =IF(G91>J91,1,0) -> 0 | L91: =IF(G91>26,1,0) -> 0 | Q91: 6 | R91: 25
B92: 0.66666667 | C92: =Ergebnisse!C93 -> 6.2 | D92: =AVERAGE(C45:C92) -> 5.3020833 | E92: =Ergebnisse!J93 -> 0.924 | F92: =Ergebnisse!F93 -> 24 | G92: =IF(E92>0,F92,0) -> 24 | J92: =IF(D92<12,24.5,IF(D92>17.5,26.5,20.14+D92*0.36363636)) -> 24.5 | K92: =IF(G92>J92,1,0) -> 0 | L92: =IF(G92>26,1,0) -> 0 | Q92: 7 | R92: 25
B93: 0.70833333 | C93: =Ergebnisse!C94 -> 6.8 | D93: =AVERAGE(C46:C93) -> 5.2708333 | E93: =Ergebnisse!J94 -> 0.462 | F93: =Ergebnisse!F94 -> 24 | G93: =IF(E93>0,F93,0) -> 24 | J93: =IF(D93<12,24.5,IF(D93>17.5,26.5,20.14+D93*0.36363636)) -> 24.5 | K93: =IF(G93>J93,1,0) -> 0 | L93: =IF(G93>26,1,0) -> 0 | Q93: 8 | R93: 25
B94: 0.75 | C94: =Ergebnisse!C95 -> 7.8 | D94: =AVERAGE(C47:C94) -> 5.2666667 | E94: =Ergebnisse!J95 -> 0.462 | F94: =Ergebnisse!F95 -> 23.85 | G94: =IF(E94>0,F94,0) -> 23.85 | J94: =IF(D94<12,24.5,IF(D94>17.5,26.5,20.14+D94*0.36363636)) -> 24.5 | K94: =IF(G94>J94,1,0) -> 0 | L94: =IF(G94>26,1,0) -> 0 | Q94: 9 | R94: 25
B95: 0.79166667 | C95: =Ergebnisse!C96 -> 7.2 | D95: =AVERAGE(C48:C95) -> 5.2520833 | E95: =Ergebnisse!J96 -> 0 | F95: =Ergebnisse!F96 -> 23.54 | G95: =IF(E95>0,F95,0) -> 0 | J95: =IF(D95<12,24.5,IF(D95>17.5,26.5,20.14+D95*0.36363636)) -> 24.5 | K95: =IF(G95>J95,1,0) -> 0 | L95: =IF(G95>26,1,0) -> 0 | Q95: 10 | R95: 25
B96: 0.83333333 | C96: =Ergebnisse!C97 -> 6.3 | D96: =AVERAGE(C49:C96) -> 5.2229167 | E96: =Ergebnisse!J97 -> 0 | F96: =Ergebnisse!F97 -> 23.24 | G96: =IF(E96>0,F96,0) -> 0 | J96: =IF(D96<12,24.5,IF(D96>17.5,26.5,20.14+D96*0.36363636)) -> 24.5 | K96: =IF(G96>J96,1,0) -> 0 | L96: =IF(G96>26,1,0) -> 0 | Q96: 25 | R96: 30
B97: 0.875 | C97: =Ergebnisse!C98 -> 5.8 | D97: =AVERAGE(C50:C97) -> 5.1958333 | E97: =Ergebnisse!J98 -> 0 | F97: =Ergebnisse!F98 -> 23.03 | G97: =IF(E97>0,F97,0) -> 0 | J97: =IF(D97<12,24.5,IF(D97>17.5,26.5,20.14+D97*0.36363636)) -> 24.5 | K97: =IF(G97>J97,1,0) -> 0 | L97: =IF(G97>26,1,0) -> 0 | Q97: 27 | R97: 30.666
B98: 0.91666667 | C98: =Ergebnisse!C99 -> 5.2 | D98: =AVERAGE(C51:C98) -> 5.1604167 | E98: =Ergebnisse!J99 -> 0 | F98: =Ergebnisse!F99 -> 22.84 | G98: =IF(E98>0,F98,0) -> 0 | J98: =IF(D98<12,24.5,IF(D98>17.5,26.5,20.14+D98*0.36363636)) -> 24.5 | K98: =IF(G98>J98,1,0) -> 0 | L98: =IF(G98>26,1,0) -> 0
B99: 0.95833333 | C99: =Ergebnisse!C100 -> 4.6 | D99: =AVERAGE(C52:C99) -> 5.1229167 | E99: =Ergebnisse!J100 -> 0 | F99: =Ergebnisse!F100 -> 22.67 | G99: =IF(E99>0,F99,0) -> 0 | J99: =IF(D99<12,24.5,IF(D99>17.5,26.5,20.14+D99*0.36363636)) -> 24.5 | K99: =IF(G99>J99,1,0) -> 0 | L99: =IF(G99>26,1,0) -> 0
A100: Mon, 20/Apr | B100: 1 | C100: =Ergebnisse!C101 -> 4.3 | D100: =AVERAGE(C53:C100) -> 5.1041667 | E100: =Ergebnisse!J101 -> 0 | F100: =Ergebnisse!F101 -> 22.52 | G100: =IF(E100>0,F100,0) -> 0 | J100: =IF(D100<12,24.5,IF(D100>17.5,26.5,20.14+D100*0.36363636)) -> 24.5 | K100: =IF(G100>J100,1,0) -> 0 | L100: =IF(G100>26,1,0) -> 0
B101: 0.041666667 | C101: =Ergebnisse!C102 -> 4.1 | D101: =AVERAGE(C54:C101) -> 5.0895833 | E101: =Ergebnisse!J102 -> 0 | F101: =Ergebnisse!F102 -> 22.37 | G101: =IF(E101>0,F101,0) -> 0 | J101: =IF(D101<12,24.5,IF(D101>17.5,26.5,20.14+D101*0.36363636)) -> 24.5 | K101: =IF(G101>J101,1,0) -> 0 | L101: =IF(G101>26,1,0) -> 0
B102: 0.083333333 | C102: =Ergebnisse!C103 -> 3.7 | D102: =AVERAGE(C55:C102) -> 5.0625 | E102: =Ergebnisse!J103 -> 0 | F102: =Ergebnisse!F103 -> 22.22 | G102: =IF(E102>0,F102,0) -> 0 | J102: =IF(D102<12,24.5,IF(D102>17.5,26.5,20.14+D102*0.36363636)) -> 24.5 | K102: =IF(G102>J102,1,0) -> 0 | L102: =IF(G102>26,1,0) -> 0
B103: 0.125 | C103: =Ergebnisse!C104 -> 3.4 | D103: =AVERAGE(C56:C103) -> 5.0375 | E103: =Ergebnisse!J104 -> 0 | F103: =Ergebnisse!F104 -> 22.08 | G103: =IF(E103>0,F103,0) -> 0 | J103: =IF(D103<12,24.5,IF(D103>17.5,26.5,20.14+D103*0.36363636)) -> 24.5 | K103: =IF(G103>J103,1,0) -> 0 | L103: =IF(G103>26,1,0) -> 0
B104: 0.16666667 | C104: =Ergebnisse!C105 -> 3.1 | D104: =AVERAGE(C57:C104) -> 5.0020833 | E104: =Ergebnisse!J105 -> 0 | F104: =Ergebnisse!F105 -> 22 | G104: =IF(E104>0,F104,0) -> 0 | J104: =IF(D104<12,24.5,IF(D104>17.5,26.5,20.14+D104*0.36363636)) -> 24.5 | K104: =IF(G104>J104,1,0) -> 0 | L104: =IF(G104>26,1,0) -> 0
B105: 0.20833333 | C105: =Ergebnisse!C106 -> 2.5 | D105: =AVERAGE(C58:C105) -> 4.9541667 | E105: =Ergebnisse!J106 -> 0 | F105: =Ergebnisse!F106 -> 22 | G105: =IF(E105>0,F105,0) -> 0 | J105: =IF(D105<12,24.5,IF(D105>17.5,26.5,20.14+D105*0.36363636)) -> 24.5 | K105: =IF(G105>J105,1,0) -> 0 | L105: =IF(G105>26,1,0) -> 0
B106: 0.25 | C106: =Ergebnisse!C107 -> 2.1 | D106: =AVERAGE(C59:C106) -> 4.9020833 | E106: =Ergebnisse!J107 -> 0 | F106: =Ergebnisse!F107 -> 22 | G106: =IF(E106>0,F106,0) -> 0 | J106: =IF(D106<12,24.5,IF(D106>17.5,26.5,20.14+D106*0.36363636)) -> 24.5 | K106: =IF(G106>J106,1,0) -> 0 | L106: =IF(G106>26,1,0) -> 0
B107: 0.29166667 | C107: =Ergebnisse!C108 -> 2.7 | D107: =AVERAGE(C60:C107) -> 4.8708333 | E107: =Ergebnisse!J108 -> 0.462 | F107: =Ergebnisse!F108 -> 22.62 | G107: =IF(E107>0,F107,0) -> 22.62 | J107: =IF(D107<12,24.5,IF(D107>17.5,26.5,20.14+D107*0.36363636)) -> 24.5 | K107: =IF(G107>J107,1,0) -> 0 | L107: =IF(G107>26,1,0) -> 0
B108: 0.33333333 | C108: =Ergebnisse!C109 -> 3.5 | D108: =AVERAGE(C61:C108) -> 4.8666667 | E108: =Ergebnisse!J109 -> 0.693 | F108: =Ergebnisse!F109 -> 23.32 | G108: =IF(E108>0,F108,0) -> 23.32 | J108: =IF(D108<12,24.5,IF(D108>17.5,26.5,20.14+D108*0.36363636)) -> 24.5 | K108: =IF(G108>J108,1,0) -> 0 | L108: =IF(G108>26,1,0) -> 0
B109: 0.375 | C109: =Ergebnisse!C110 -> 5.7 | D109: =AVERAGE(C62:C109) -> 4.8854167 | E109: =Ergebnisse!J110 -> 1.155 | F109: =Ergebnisse!F110 -> 23.99 | G109: =IF(E109>0,F109,0) -> 23.99 | J109: =IF(D109<12,24.5,IF(D109>17.5,26.5,20.14+D109*0.36363636)) -> 24.5 | K109: =IF(G109>J109,1,0) -> 0 | L109: =IF(G109>26,1,0) -> 0
B110: 0.41666667 | C110: =Ergebnisse!C111 -> 8.5 | D110: =AVERAGE(C63:C110) -> 4.9541667 | E110: =Ergebnisse!J111 -> 1.155 | F110: =Ergebnisse!F111 -> 24.01 | G110: =IF(E110>0,F110,0) -> 24.01 | J110: =IF(D110<12,24.5,IF(D110>17.5,26.5,20.14+D110*0.36363636)) -> 24.5 | K110: =IF(G110>J110,1,0) -> 0 | L110: =IF(G110>26,1,0) -> 0
B111: 0.45833333 | C111: =Ergebnisse!C112 -> 10.4 | D111: =AVERAGE(C64:C111) -> 5.0645833 | E111: =Ergebnisse!J112 -> 0.924 | F111: =Ergebnisse!F112 -> 24 | G111: =IF(E111>0,F111,0) -> 24 | J111: =IF(D111<12,24.5,IF(D111>17.5,26.5,20.14+D111*0.36363636)) -> 24.5 | K111: =IF(G111>J111,1,0) -> 0 | L111: =IF(G111>26,1,0) -> 0
B112: 0.5 | C112: =Ergebnisse!C113 -> 12.2 | D112: =AVERAGE(C65:C112) -> 5.2083333 | E112: =Ergebnisse!J113 -> 0.231 | F112: =Ergebnisse!F113 -> 24 | G112: =IF(E112>0,F112,0) -> 24 | J112: =IF(D112<12,24.5,IF(D112>17.5,26.5,20.14+D112*0.36363636)) -> 24.5 | K112: =IF(G112>J112,1,0) -> 0 | L112: =IF(G112>26,1,0) -> 0
... B123: 0.95833333 | C123: =Ergebnisse!C124 -> 11.2 | D123: =AVERAGE(C76:C123) -> 7.4125 | E123: =Ergebnisse!J124 -> 0 | F123: =Ergebnisse!F124 -> 23.31 | G123: =IF(E123>0,F123,0) -> 0 | J123: =IF(D123<12,24.5,IF(D123>17.5,26.5,20.14+D123*0.36363636)) -> 24.5 | K123: =IF(G123>J123,1,0) -> 0 | L123: =IF(G123>26,1,0) -> 0
A124: Tue, 21/Apr | B124: 1 | C124: =Ergebnisse!C125 -> 10.5 | D124: =AVERAGE(C77:C124) -> 7.5416667 | E124: =Ergebnisse!J125 -> 0 | F124: =Ergebnisse!F125 -> 23.18 | G124: =IF(E124>0,F124,0) -> 0 | J124: =IF(D124<12,24.5,IF(D124>17.5,26.5,20.14+D124*0.36363636)) -> 24.5 | K124: =IF(G124>J124,1,0) -> 0 | L124: =IF(G124>26,1,0) -> 0
B125: 0.041666667 | C125: =Ergebnisse!C126 -> 9.6 | D125: =AVERAGE(C78:C125) -> 7.6541667 | E125: =Ergebnisse!J126 -> 0 | F125: =Ergebnisse!F126 -> 23.07 | G125: =IF(E125>0,F125,0) -> 0 | J125: =IF(D125<12,24.5,IF(D125>17.5,26.5,20.14+D125*0.36363636)) -> 24.5 | K125: =IF(G125>J125,1,0) -> 0 | L125: =IF(G125>26,1,0) -> 0
B126: 0.083333333 | C126: =Ergebnisse!C127 -> 9.9 | D126: =AVERAGE(C79:C126) -> 7.7729167 | E126: =Ergebnisse!J127 -> 0 | F126: =Ergebnisse!F127 -> 22.98 | G126: =IF(E126>0,F126,0) -> 0 | J126: =IF(D126<12,24.5,IF(D126>17.5,26.5,20.14+D126*0.36363636)) -> 24.5 | K126: =IF(G126>J126,1,0) -> 0 | L126: =IF(G126>26,1,0) -> 0
B127: 0.125 | C127: =Ergebnisse!C128 -> 10 | D127: =AVERAGE(C80:C127) -> 7.8958333 | E127: =Ergebnisse!J128 -> 0 | F127: =Ergebnisse!F128 -> 22.89 | G127: =IF(E127>0,F127,0) -> 0 | J127: =IF(D127<12,24.5,IF(D127>17.5,26.5,20.14+D127*0.36363636)) -> 24.5 | K127: =IF(G127>J127,1,0) -> 0 | L127: =IF(G127>26,1,0) -> 0
B128: 0.16666667 | C128: =Ergebnisse!C129 -> 9.7 | D128: =AVERAGE(C81:C128) -> 8.0145833 | E128: =Ergebnisse!J129 -> 0 | F128: =Ergebnisse!F129 -> 22.79 | G128: =IF(E128>0,F128,0) -> 0 | J128: =IF(D128<12,24.5,IF(D128>17.5,26.5,20.14+D128*0.36363636)) -> 24.5 | K128: =IF(G128>J128,1,0) -> 0 | L128: =IF(G128>26,1,0) -> 0
B129: 0.20833333 | C129: =Ergebnisse!C130 -> 9.4 | D129: =AVERAGE(C82:C129) -> 8.1291667 | E129: =Ergebnisse!J130 -> 0 | F129: =Ergebnisse!F130 -> 22.69 | G129: =IF(E129>0,F129,0) -> 0 | J129: =IF(D129<12,24.5,IF(D129>17.5,26.5,20.14+D129*0.36363636)) -> 24.5 | K129: =IF(G129>J129,1,0) -> 0 | L129: =IF(G129>26,1,0) -> 0
...

Sheet Ergebnisse
A1: Paste below: dry-bulb | D1: Paste below: dry resultant | G1: Paste below: people gain
C2: Dry-bulb temperature (°C) | F2: Dry resultant temperature (°C) | I2: People gain (kW)
F3: OG05-Zone 3 | I3: OG05-Zone 3
A4: Date | B4: Time | C4: SMA_2035_RCP85_DRY.epw | D4: Date | E4: Time | F4: ZOER_C2.aps | G4: Date | H4: Time | I4: ZOER_C2.aps
A5: Thu, 16/Apr | B5: 1 | C5: 6.8 | D5: Wed, 16/Apr | E5: 0.020833333 | F5: 22.72 | G5: Wed, 16/Apr | H5: 0.020833333 | I5: 0 | J5: 0
B6: 0.041666667 | C6: 6.8 | E6: 0.0625 | F6: 22.56 | H6: 0.0625 | I6: 0 | J6: =IF(I6=0,I5,I6) -> 0
B7: 0.083333333 | C7: 4.7 | E7: 0.10416667 | F7: 22.39 | H7: 0.10416667 | I7: 0 | J7: =IF(I7=0,I6,I7) -> 0
B8: 0.125 | C8: 3.3 | E8: 0.14583333 | F8: 22.24 | H8: 0.14583333 | I8: 0 | J8: =IF(I8=0,I7,I8) -> 0
B9: 0.16666667 | C9: 3.4 | E9: 0.1875 | F9: 22.11 | H9: 0.1875 | I9: 0 | J9: =IF(I9=0,I8,I9) -> 0
B10: 0.20833333 | C10: 3.8 | E10: 0.22916667 | F10: 22.01 | H10: 0.22916667 | I10: 0 | J10: =IF(I10=0,I9,I10) -> 0
B11: 0.25 | C11: 3.8 | E11: 0.27083333 | F11: 22.06 | H11: 0.27083333 | I11: 0 | J11: =IF(I11=0,I10,I11) -> 0
B12: 0.29166667 | C12: 4 | E12: 0.3125 | F12: 22.73 | H12: 0.3125 | I12: 0.462 | J12: =IF(I12=0,I11,I12) -> 0.462
B13: 0.33333333 | C13: 4.4 | E13: 0.35416667 | F13: 23.4 | H13: 0.35416667 | I13: 0.693 | J13: =IF(I13=0,I12,I13) -> 0.693
B14: 0.375 | C14: 5 | E14: 0.39583333 | F14: 23.99 | H14: 0.39583333 | I14: 1.155 | J14: =IF(I14=0,I13,I14) -> 1.155
B15: 0.41666667 | C15: 6.7 | E15: 0.4375 | F15: 24.01 | H15: 0.4375 | I15: 1.155 | J15: =IF(I15=0,I14,I15) -> 1.155
B16: 0.45833333 | C16: 6.6 | E16: 0.47916667 | F16: 24 | H16: 0.47916667 | I16: 0.924 | J16: =IF(I16=0,I15,I16) -> 0.924
B17: 0.5 | C17: 7.4 | E17: 0.52083333 | F17: 23.94 | H17: 0.52083333 | I17: 0.231 | J17: =IF(I17=0,I16,I17) -> 0.231
... B28: 0.95833333 | C28: 6.7 | E28: 0.97916667 | F28: 22.95 | H28: 0.97916667 | I28: 0 | J28: =IF(I28=0,I27,I28) -> 0
A29: Fri, 17/Apr | B29: 1 | C29: 5.7 | D29: Thu, 17/Apr | E29: 0.020833333 | F29: 22.8 | G29: Thu, 17/Apr | H29: 0.020833333 | I29: 0 | J29: =IF(I29=0,I28,I29) -> 0
B30: 0.041666667 | C30: 6.2 | E30: 0.0625 | F30: 22.68 | H30: 0.0625 | I30: 0 | J30: =IF(I30=0,I29,I30) -> 0
B31: 0.083333333 | C31: 6.3 | E31: 0.10416667 | F31: 22.56 | H31: 0.10416667 | I31: 0 | J31: =IF(I31=0,I30,I31) -> 0
B32: 0.125 | C32: 5.4 | E32: 0.14583333 | F32: 22.43 | H32: 0.14583333 | I32: 0 | J32: =IF(I32=0,I31,I32) -> 0
B33: 0.16666667 | C33: 5.6 | E33: 0.1875 | F33: 22.31 | H33: 0.1875 | I33: 0 | J33: =IF(I33=0,I32,I33) -> 0
B34: 0.20833333 | C34: 5.7 | E34: 0.22916667 | F34: 22.21 | H34: 0.22916667 | I34: 0 | J34: =IF(I34=0,I33,I34) -> 0
B35: 0.25 | C35: 5.4 | E35: 0.27083333 | F35: 22.26 | H35: 0.27083333 | I35: 0 | J35: =IF(I35=0,I34,I35) -> 0
B36: 0.29166667 | C36: 5 | E36: 0.3125 | F36: 22.92 | H36: 0.3125 | I36: 0.462 | J36: =IF(I36=0,I35,I36) -> 0.462
B37: 0.33333333 | C37: 6 | E37: 0.35416667 | F37: 23.58 | H37: 0.35416667 | I37: 0.693 | J37: =IF(I37=0,I36,I37) -> 0.693
B38: 0.375 | C38: 6.3 | E38: 0.39583333 | F38: 24.01 | H38: 0.39583333 | I38: 1.155 | J38: =IF(I38=0,I37,I38) -> 1.155
B39: 0.41666667 | C39: 7.5 | E39: 0.4375 | F39: 24 | H39: 0.4375 | I39: 1.155 | J39: =IF(I39=0,I38,I39) -> 1.155
B40: 0.45833333 | C40: 9.6 | E40: 0.47916667 | F40: 24.01 | H40: 0.47916667 | I40: 0.924 | J40: =IF(I40=0,I39,I40) -> 0.924
B41: 0.5 | C41: 10.3 | E41: 0.52083333 | F41: 24 | H41: 0.52083333 | I41: 0.231 | J41: =IF(I41=0,I40,I41) -> 0.231
... B52: 0.95833333 | C52: 6.4 | E52: 0.97916667 | F52: 22.81 | H52: 0.97916667 | I52: 0 | J52: =IF(I52=0,I51,I52) -> 0
A53: Sat, 18/Apr | B53: 1 | C53: 5.2 | D53: Fri, 18/Apr | E53: 0.020833333 | F53: 22.65 | G53: Fri, 18/Apr | H53: 0.020833333 | I53: 0 | J53: =IF(I53=0,I52,I53) -> 0
B54: 0.041666667 | C54: 4.8 | E54: 0.0625 | F54: 22.52 | H54: 0.0625 | I54: 0 | J54: =IF(I54=0,I53,I54) -> 0
B55: 0.083333333 | C55: 5 | E55: 0.10416667 | F55: 22.39 | H55: 0.10416667 | I55: 0 | J55: =IF(I55=0,I54,I55) -> 0
B56: 0.125 | C56: 4.6 | E56: 0.14583333 | F56: 22.26 | H56: 0.14583333 | I56: 0 | J56: =IF(I56=0,I55,I56) -> 0
B57: 0.16666667 | C57: 4.8 | E57: 0.1875 | F57: 22.15 | H57: 0.1875 | I57: 0 | J57: =IF(I57=0,I56,I57) -> 0
B58: 0.20833333 | C58: 4.8 | E58: 0.22916667 | F58: 22.04 | H58: 0.22916667 | I58: 0 | J58: =IF(I58=0,I57,I58) -> 0
B59: 0.25 | C59: 4.6 | E59: 0.27083333 | F59: 22.07 | H59: 0.27083333 | I59: 0 | J59: =IF(I59=0,I58,I59) -> 0
B60: 0.29166667 | C60: 4.2 | E60: 0.3125 | F60: 22.61 | H60: 0.3125 | I60: 0.462 | J60: =IF(I60=0,I59,I60) -> 0.462
B61: 0.33333333 | C61: 3.7 | E61: 0.35416667 | F61: 23.23 | H61: 0.35416667 | I61: 0.693 | J61: =IF(I61=0,I60,I61) -> 0.693
B62: 0.375 | C62: 4.8 | E62: 0.39583333 | F62: 23.94 | H62: 0.39583333 | I62: 1.155 | J62: =IF(I62=0,I61,I62) -> 1.155
B63: 0.41666667 | C63: 5.2 | E63: 0.4375 | F63: 24.01 | H63: 0.4375 | I63: 1.155 | J63: =IF(I63=0,I62,I63) -> 1.155
B64: 0.45833333 | C64: 5.1 | E64: 0.47916667 | F64: 24 | H64: 0.47916667 | I64: 0.924 | J64: =IF(I64=0,I63,I64) -> 0.924
B65: 0.5 | C65: 5.3 | E65: 0.52083333 | F65: 23.71 | H65: 0.52083333 | I65: 0.231 | J65: =IF(I65=0,I64,I65) -> 0.231
... B76: 0.95833333 | C76: 4.3 | E76: 0.97916667 | F76: 22.45 | H76: 0.97916667 | I76: 0 | J76: =IF(I76=0,I75,I76) -> 0
A77: Sun, 19/Apr | B77: 1 | C77: 4.3 | D77: Sat, 19/Apr | E77: 0.020833333 | F77: 22.32 | G77: Sat, 19/Apr | H77: 0.020833333 | I77: 0 | J77: =IF(I77=0,I76,I77) -> 0
B78: 0.041666667 | C78: 4.2 | E78: 0.0625 | F78: 22.19 | H78: 0.0625 | I78: 0 | J78: =IF(I78=0,I77,I78) -> 0
B79: 0.083333333 | C79: 4.2 | E79: 0.10416667 | F79: 22.07 | H79: 0.10416667 | I79: 0 | J79: =IF(I79=0,I78,I79) -> 0
B80: 0.125 | C80: 4.1 | E80: 0.14583333 | F80: 22 | H80: 0.14583333 | I80: 0 | J80: =IF(I80=0,I79,I80) -> 0
B81: 0.16666667 | C81: 4 | E81: 0.1875 | F81: 22 | H81: 0.1875 | I81: 0 | J81: =IF(I81=0,I80,I81) -> 0
B82: 0.20833333 | C82: 3.9 | E82: 0.22916667 | F82: 22 | H82: 0.22916667 | I82: 0 | J82: =IF(I82=0,I81,I82) -> 0
B83: 0.25 | C83: 4.1 | E83: 0.27083333 | F83: 22 | H83: 0.27083333 | I83: 0 | J83: =IF(I83=0,I82,I83) -> 0
B84: 0.29166667 | C84: 4.2 | E84: 0.3125 | F84: 22.47 | H84: 0.3125 | I84: 0.462 | J84: =IF(I84=0,I83,I84) -> 0.462
B85: 0.33333333 | C85: 4.3 | E85: 0.35416667 | F85: 22.94 | H85: 0.35416667 | I85: 0.693 | J85: =IF(I85=0,I84,I85) -> 0.693
B86: 0.375 | C86: 4.2 | E86: 0.39583333 | F86: 23.72 | H86: 0.39583333 | I86: 1.155 | J86: =IF(I86=0,I85,I86) -> 1.155
B87: 0.41666667 | C87: 4.6 | E87: 0.4375 | F87: 24.01 | H87: 0.4375 | I87: 1.155 | J87: =IF(I87=0,I86,I87) -> 1.155
B88: 0.45833333 | C88: 5.7 | E88: 0.47916667 | F88: 24 | H88: 0.47916667 | I88: 0.924 | J88: =IF(I88=0,I87,I88) -> 0.924
B89: 0.5 | C89: 7 | E89: 0.52083333 | F89: 23.75 | H89: 0.52083333 | I89: 0.231 | J89: =IF(I89=0,I88,I89) -> 0.231
... B100: 0.95833333 | C100: 4.6 | E100: 0.97916667 | F100: 22.67 | H100: 0.97916667 | I100: 0 | J100: =IF(I100=0,I99,I100) -> 0
A101: Mon, 20/Apr | B101: 1 | C101: 4.3 | D101: Sun, 20/Apr | E101: 0.020833333 | F101: 22.52 | G101: Sun, 20/Apr | H101: 0.020833333 | I101: 0 | J101: =IF(I101=0,I100,I101) -> 0
B102: 0.041666667 | C102: 4.1 | E102: 0.0625 | F102: 22.37 | H102: 0.0625 | I102: 0 | J102: =IF(I102=0,I101,I102) -> 0
B103: 0.083333333 | C103: 3.7 | E103: 0.10416667 | F103: 22.22 | H103: 0.10416667 | I103: 0 | J103: =IF(I103=0,I102,I103) -> 0
B104: 0.125 | C104: 3.4 | E104: 0.14583333 | F104: 22.08 | H104: 0.14583333 | I104: 0 | J104: =IF(I104=0,I103,I104) -> 0
B105: 0.16666667 | C105: 3.1 | E105: 0.1875 | F105: 22 | H105: 0.1875 | I105: 0 | J105: =IF(I105=0,I104,I105) -> 0
B106: 0.20833333 | C106: 2.5 | E106: 0.22916667 | F106: 22 | H106: 0.22916667 | I106: 0 | J106: =IF(I106=0,I105,I106) -> 0
B107: 0.25 | C107: 2.1 | E107: 0.27083333 | F107: 22 | H107: 0.27083333 | I107: 0 | J107: =IF(I107=0,I106,I107) -> 0
B108: 0.29166667 | C108: 2.7 | E108: 0.3125 | F108: 22.62 | H108: 0.3125 | I108: 0.462 | J108: =IF(I108=0,I107,I108) -> 0.462
B109: 0.33333333 | C109: 3.5 | E109: 0.35416667 | F109: 23.32 | H109: 0.35416667 | I109: 0.693 | J109: =IF(I109=0,I108,I109) -> 0.693
B110: 0.375 | C110: 5.7 | E110: 0.39583333 | F110: 23.99 | H110: 0.39583333 | I110: 1.155 | J110: =IF(I110=0,I109,I110) -> 1.155
B111: 0.41666667 | C111: 8.5 | E111: 0.4375 | F111: 24.01 | H111: 0.4375 | I111: 1.155 | J111: =IF(I111=0,I110,I111) -> 1.155
B112: 0.45833333 | C112: 10.4 | E112: 0.47916667 | F112: 24 | H112: 0.47916667 | I112: 0.924 | J112: =IF(I112=0,I111,I112) -> 0.924
B113: 0.5 | C113: 12.2 | E113: 0.52083333 | F113: 24 | H113: 0.52083333 | I113: 0.231 | J113: =IF(I113=0,I112,I113) -> 0.231
... B124: 0.95833333 | C124: 11.2 | E124: 0.97916667 | F124: 23.31 | H124: 0.97916667 | I124: 0 | J124: =IF(I124=0,I123,I124) -> 0
A125: Tue, 21/Apr | B125: 1 | C125: 10.5 | D125: Mon, 21/Apr | E125: 0.020833333 | F125: 23.18 | G125: Mon, 21/Apr | H125: 0.020833333 | I125: 0 | J125: =IF(I125=0,I124,I125) -> 0
B126: 0.041666667 | C126: 9.6 | E126: 0.0625 | F126: 23.07 | H126: 0.0625 | I126: 0 | J126: =IF(I126=0,I125,I126) -> 0
B127: 0.083333333 | C127: 9.9 | E127: 0.10416667 | F127: 22.98 | H127: 0.10416667 | I127: 0 | J127: =IF(I127=0,I126,I127) -> 0
B128: 0.125 | C128: 10 | E128: 0.14583333 | F128: 22.89 | H128: 0.14583333 | I128: 0 | J128: =IF(I128=0,I127,I128) -> 0
B129: 0.16666667 | C129: 9.7 | E129: 0.1875 | F129: 22.79 | H129: 0.1875 | I129: 0 | J129: =IF(I129=0,I128,I129) -> 0
B130: 0.20833333 | C130: 9.4 | E130: 0.22916667 | F130: 22.69 | H130: 0.22916667 | I130: 0 | J130: =IF(I130=0,I129,I130) -> 0
B131: 0.25 | C131: 9.3 | E131: 0.27083333 | F131: 22.72 | H131: 0.27083333 | I131: 0 | J131: =IF(I131=0,I130,I131) -> 0
B132: 0.29166667 | C132: 9.3 | E132: 0.3125 | F132: 23.29 | H132: 0.3125 | I132: 0.462 | J132: =IF(I132=0,I131,I132) -> 0.462
B133: 0.33333333 | C133: 9.1 | E133: 0.35416667 | F133: 23.76 | H133: 0.35416667 | I133: 0.693 | J133: =IF(I133=0,I132,I133) -> 0.693
B134: 0.375 | C134: 9.1 | E134: 0.39583333 | F134: 24.01 | H134: 0.39583333 | I134: 1.155 | J134: =IF(I134=0,I133,I134) -> 1.155
B135: 0.41666667 | C135: 9 | E135: 0.4375 | F135: 24 | H135: 0.4375 | I135: 1.155 | J135: =IF(I135=0,I134,I135) -> 1.155
B136: 0.45833333 | C136: 9.3 | E136: 0.47916667 | F136: 24.01 | H136: 0.47916667 | I136: 0.924 | J136: =IF(I136=0,I135,I136) -> 0.924
B137: 0.5 | C137: 9.8 | E137: 0.52083333 | F137: 24 | H137: 0.52083333 | I137: 0.231 | J137: =IF(I137=0,I136,I137) -> 0.231
... B148: 0.95833333 | C148: 10.9 | E148: 0.97916667 | F148: 23.43 | H148: 0.97916667 | I148: 0 | J148: =IF(I148=0,I147,I148) -> 0
A149: Wed, 22/Apr | B149: 1 | C149: 10 | D149: Tue, 22/Apr | E149: 0.020833333 | F149: 23.29 | G149: Tue, 22/Apr | H149: 0.020833333 | I149: 0 | J149: =IF(I149=0,I148,I149) -> 0
B150: 0.041666667 | C150: 9.3 | E150: 0.0625 | F150: 23.17 | H150: 0.0625 | I150: 0 | J150: =IF(I150=0,I149,I150) -> 0
B151: 0.083333333 | C151: 8.7 | E151: 0.10416667 | F151: 23.05 | H151: 0.10416667 | I151: 0 | J151: =IF(I151=0,I150,I151) -> 0
B152: 0.125 | C152: 8.6 | E152: 0.14583333 | F152: 22.94 | H152: 0.14583333 | I152: 0 | J152: =IF(I152=0,I151,I152) -> 0
B153: 0.16666667 | C153: 7.9 | E153: 0.1875 | F153: 22.82 | H153: 0.1875 | I153: 0 | J153: =IF(I153=0,I152,I153) -> 0
B154: 0.20833333 | C154: 7.7 | E154: 0.22916667 | F154: 22.72 | H154: 0.22916667 | I154: 0 | J154: =IF(I154=0,I153,I154) -> 0
B155: 0.25 | C155: 7.5 | E155: 0.27083333 | F155: 22.76 | H155: 0.27083333 | I155: 0 | J155: =IF(I155=0,I154,I155) -> 0
B156: 0.29166667 | C156: 7.9 | E156: 0.3125 | F156: 23.44 | H156: 0.3125 | I156: 0.462 | J156: =IF(I156=0,I155,I156) -> 0.462
B157: 0.33333333 | C157: 9.4 | E157: 0.35416667 | F157: 23.99 | H157: 0.35416667 | I157: 0.693 | J157: =IF(I157=0,I156,I157) -> 0.693
B158: 0.375 | C158: 11.2 | E158: 0.39583333 | F158: 24.01 | H158: 0.39583333 | I158: 1.155 | J158: =IF(I158=0,I157,I158) -> 1.155
B159: 0.41666667 | C159: 13.1 | E159: 0.4375 | F159: 24 | H159: 0.4375 | I159: 1.155 | J159: =IF(I159=0,I158,I159) -> 1.155
B160: 0.45833333 | C160: 15.3 | E160: 0.47916667 | F160: 24 | H160: 0.47916667 | I160: 0.924 | J160: =IF(I160=0,I159,I160) -> 0.924
...

Sheet Grafik
H41: Obere Grenzkurve - maximale operative Temperatur
H42: Obere Behaglichkeitsgrenze
H43: Untere Grenzkurve - minimale operative Temperatur
