Workbook

Sheet Zusammenfassung
C1: Dry-bulb temperature (°C) | E1: =Ergebnisse!C1 -> Internal gain (kW) | F1: =Ergebnisse!D1 -> Dry resultant temperature (°C) | G1: Dry resultant temperature (°C) | H1: Natürliche Lüftung | I1: Natürliche Lüftung | J1: Mechanische Lüftung
E2: =Ergebnisse!C2 -> OG02-Zone 1 | F2: =Ergebnisse!D2 -> OG02-Zone 1 | G2: =F2 -> OG02-Zone 1 | H2: Empfundene Temperatur (°C) | I2: Stunden überschreiten | J2: Empfundene Temperatur (°C)
A3: Date | B3: Time | C3: =Ergebnisse!O3 -> SMA_2035_RCP85_DRY.epw | D3: θrm | E3: =Ergebnisse!C3 -> ZOER_C1.aps | F3: =Ergebnisse!D3 -> ZOER_C1.aps | G3: When occupied | H3: Oberer Grenzwert | J3: Oberer Grenzwert
A4: Wed, 16/Apr | B4: 1 | C4: =Ergebnisse!O4 -> 0
B5: 0.041666667 | C5: =Ergebnisse!O5 -> 6.8
B6: 0.083333333 | C6: =Ergebnisse!O6 -> 4.7
B7: 0.125 | C7: =Ergebnisse!O7 -> 3.3
B8: 0.16666667 | C8: =Ergebnisse!O8 -> 3.4
B9: 0.20833333 | C9: =Ergebnisse!O9 -> 3.8
B10: 0.25 | C10: =Ergebnisse!O10 -> 3.8
B11: 0.29166667 | C11: =Ergebnisse!O11 -> 4
B12: 0.33333333 | C12: =Ergebnisse!O12 -> 4.4
B13: 0.375 | C13: =Ergebnisse!O13 -> 5
B14: 0.41666667 | C14: =Ergebnisse!O14 -> 6.7
B15: 0.45833333 | C15: =Ergebnisse!O15 -> 6.6
B16: 0.5 | C16: =Ergebnisse!O16 -> 7.4
... B27: 0.95833333 | C27: =Ergebnisse!O27 -> 6.7
A28: Thu, 17/Apr | B28: 1 | C28: =Ergebnisse!O28 -> 5.7
B29: 0.041666667 | C29: =Ergebnisse!O29 -> 6.2
B30: 0.083333333 | C30: =Ergebnisse!O30 -> 6.3
B31: 0.125 | C31: =Ergebnisse!O31 -> 5.4
B32: 0.16666667 | C32: =Ergebnisse!O32 -> 5.6
B33: 0.20833333 | C33: =Ergebnisse!O33 -> 5.7
B34: 0.25 | C34: =Ergebnisse!O34 -> 5.4
B35: 0.29166667 | C35: =Ergebnisse!O35 -> 5
B36: 0.33333333 | C36: =Ergebnisse!O36 -> 6
B37: 0.375 | C37: =Ergebnisse!O37 -> 6.3
B38: 0.41666667 | C38: =Ergebnisse!O38 -> 7.5
B39: 0.45833333 | C39: =Ergebnisse!O39 -> 9.6
B40: 0.5 | C40: =Ergebnisse!O40 -> 10.3
... B50: 0.91666667 | C50: =Ergebnisse!O50 -> 6.9
B51: 0.95833333 | C51: =Ergebnisse!O51 -> 6.4 | I51: =SUM(I52:I4755) -> 0
A52: Fri, 18/Apr | B52: 1 | C52: =Ergebnisse!O52 -> 5.2 | D52: =AVERAGE(C5:C52) -> 6.9833333 | E52: =Ergebnisse!C52 -> 0.455 | F52: =Ergebnisse!D52 -> 21.17 | G52: =IF(E52>0,F52,0) -> 21.17 | H52: =IF(D52<10,25,21.8+0.33*D52) -> 25 | I52: =IF(G52>H52,1,0) -> 0 | J52: =IF(D52<12,24.5,IF(D52>17.5,26.5,20.14+D52*0.36363636)) -> 24.5
B53: 0.041666667 | C53: =Ergebnisse!O53 -> 4.8 | D53: =AVERAGE(C6:C53) -> 6.9416667 | E53: =Ergebnisse!C53 -> 0.455 | F53: =Ergebnisse!D53 -> 21.31 | G53: =IF(E53>0,F53,0) -> 21.31 | H53: =IF(D53<10,25,21.8+0.33*D53) -> 25 | I53: =IF(G53>H53,1,0) -> 0 | J53: =IF(D53<12,24.5,IF(D53>17.5,26.5,20.14+D53*0.36363636)) -> 24.5
B54: 0.083333333 | C54: =Ergebnisse!O54 -> 5 | D54: =AVERAGE(C7:C54) -> 6.9479167 | E54: =Ergebnisse!C54 -> 0.455 | F54: =Ergebnisse!D54 -> 21.37 | G54: =IF(E54>0,F54,0) -> 21.37 | H54: =IF(D54<10,25,21.8+0.33*D54) -> 25 | I54: =IF(G54>H54,1,0) -> 0 | J54: =IF(D54<12,24.5,IF(D54>17.5,26.5,20.14+D54*0.36363636)) -> 24.5
B55: 0.125 | C55: =Ergebnisse!O55 -> 4.6 | D55: =AVERAGE(C8:C55) -> 6.975 | E55: =Ergebnisse!C55 -> 0.455 | F55: =Ergebnisse!D55 -> 21.22 | G55: =IF(E55>0,F55,0) -> 21.22 | H55: =IF(D55<10,25,21.8+0.33*D55) -> 25 | I55: =IF(G55>H55,1,0) -> 0 | J55: =IF(D55<12,24.5,IF(D55>17.5,26.5,20.14+D55*0.36363636)) -> 24.5
B56: 0.16666667 | C56: =Ergebnisse!O56 -> 4.8 | D56: =AVERAGE(C9:C56) -> 7.0041667 | E56: =Ergebnisse!C56 -> 0.455 | F56: =Ergebnisse!D56 -> 21.14 | G56: =IF(E56>0,F56,0) -> 21.14 | H56: =IF(D56<10,25,21.8+0.33*D56) -> 25 | I56: =IF(G56>H56,1,0) -> 0 | J56: =IF(D56<12,24.5,IF(D56>17.5,26.5,20.14+D56*0.36363636)) -> 24.5
B57: 0.20833333 | C57: =Ergebnisse!O57 -> 4.8 | D57: =AVERAGE(C10:C57) -> 7.025 | E57: =Ergebnisse!C57 -> 0.455 | F57: =Ergebnisse!D57 -> 21.09 | G57: =IF(E57>0,F57,0) -> 21.09 | H57: =IF(D57<10,25,21.8+0.33*D57) -> 25 | I57: =IF(G57>H57,1,0) -> 0 | J57: =IF(D57<12,24.5,IF(D57>17.5,26.5,20.14+D57*0.36363636)) -> 24.5
B58: 0.25 | C58: =Ergebnisse!O58 -> 4.6 | D58: =AVERAGE(C11:C58) -> 7.0416667 | E58: =Ergebnisse!C58 -> 0.455 | F58: =Ergebnisse!D58 -> 21.52 | G58: =IF(E58>0,F58,0) -> 21.52 | H58: =IF(D58<10,25,21.8+0.33*D58) -> 25 | I58: =IF(G58>H58,1,0) -> 0 | J58: =IF(D58<12,24.5,IF(D58>17.5,26.5,20.14+D58*0.36363636)) -> 24.5
B59: 0.29166667 | C59: =Ergebnisse!O59 -> 4.2 | D59: =AVERAGE(C12:C59) -> 7.0458333 | E59: =Ergebnisse!C59 -> 0.455 | F59: =Ergebnisse!D59 -> 21.21 | G59: =IF(E59>0,F59,0) -> 21.21 | H59: =IF(D59<10,25,21.8+0.33*D59) -> 25 | I59: =IF(G59>H59,1,0) -> 0 | J59: =IF(D59<12,24.5,IF(D59>17.5,26.5,20.14+D59*0.36363636)) -> 24.5
B60: 0.33333333 | C60: =Ergebnisse!O60 -> 3.7 | D60: =AVERAGE(C13:C60) -> 7.03125 | E60: =Ergebnisse!C60 -> 0.455 | F60: =Ergebnisse!D60 -> 21.24 | G60: =IF(E60>0,F60,0) -> 21.24 | H60: =IF(D60<10,25,21.8+0.33*D60) -> 25 | I60: =IF(G60>H60,1,0) -> 0 | J60: =IF(D60<12,24.5,IF(D60>17.5,26.5,20.14+D60*0.36363636)) -> 24.5
B61: 0.375 | C61: =Ergebnisse!O61 -> 4.8 | D61: =AVERAGE(C14:C61) -> 7.0270833 | E61: =Ergebnisse!C61 -> 0.455 | F61: =Ergebnisse!D61 -> 21.35 | G61: =IF(E61>0,F61,0) -> 21.35 | H61: =IF(D61<10,25,21.8+0.33*D61) -> 25 | I61: =IF(G61>H61,1,0) -> 0 | J61: =IF(D61<12,24.5,IF(D61>17.5,26.5,20.14+D61*0.36363636)) -> 24.5
B62: 0.41666667 | C62: =Ergebnisse!O62 -> 5.2 | D62: =AVERAGE(C15:C62) -> 6.9958333 | E62: =Ergebnisse!C62 -> 0.455 | F62: =Ergebnisse!D62 -> 21.3 | G62: =IF(E62>0,F62,0) -> 21.3 | H62: =IF(D62<10,25,21.8+0.33*D62) -> 25 | I62: =IF(G62>H62,1,0) -> 0 | J62: =IF(D62<12,24.5,IF(D62>17.5,26.5,20.14+D62*0.36363636)) -> 24.5
B63: 0.45833333 | C63: =Ergebnisse!O63 -> 5.1 | D63: =AVERAGE(C16:C63) -> 6.9645833 | E63: =Ergebnisse!C63 -> 0.455 | F63: =Ergebnisse!D63 -> 21.33 | G63: =IF(E63>0,F63,0) -> 21.33 | H63: =IF(D63<10,25,21.8+0.33*D63) -> 25 | I63: =IF(G63>H63,1,0) -> 0 | J63: =IF(D63<12,24.5,IF(D63>17.5,26.5,20.14+D63*0.36363636)) -> 24.5
B64: 0.5 | C64: =Ergebnisse!O64 -> 5.3 | D64: =AVERAGE(C17:C64) -> 6.9208333 | E64: =Ergebnisse!C64 -> 0.455 | F64: =Ergebnisse!D64 -> 21.48 | G64: =IF(E64>0,F64,0) -> 21.48 | H64: =IF(D64<10,25,21.8+0.33*D64) -> 25 | I64: =IF(G64>H64,1,0) -> 0 | J64: =IF(D64<12,24.5,IF(D64>17.5,26.5,20.14+D64*0.36363636)) -> 24.5
... B75: 0.95833333 | C75: =Ergebnisse!O75 -> 4.3 | D75: =AVERAGE(C28:C75) -> 5.9708333 | E75: =Ergebnisse!C75 -> 0.455 | F75: =Ergebnisse!D75 -> 21.13 | G75: =IF(E75>0,F75,0) -> 21.13 | H75: =IF(D75<10,25,21.8+0.33*D75) -> 25 | I75: =IF(G75>H75,1,0) -> 0 | J75: =IF(D75<12,24.5,IF(D75>17.5,26.5,20.14+D75*0.36363636)) -> 24.5
A76: Sat, 19/Apr | B76: 1 | C76: =Ergebnisse!O76 -> 4.3 | D76: =AVERAGE(C29:C76) -> 5.9416667 | E76: =Ergebnisse!C76 -> 0.455 | F76: =Ergebnisse!D76 -> 21.29 | G76: =IF(E76>0,F76,0) -> 21.29 | H76: =IF(D76<10,25,21.8+0.33*D76) -> 25 | I76: =IF(G76>H76,1,0) -> 0 | J76: =IF(D76<12,24.5,IF(D76>17.5,26.5,20.14+D76*0.36363636)) -> 24.5
B77: 0.041666667 | C77: =Ergebnisse!O77 -> 4.2 | D77: =AVERAGE(C30:C77) -> 5.9 | E77: =Ergebnisse!C77 -> 0.455 | F77: =Ergebnisse!D77 -> 21.48 | G77: =IF(E77>0,F77,0) -> 21.48 | H77: =IF(D77<10,25,21.8+0.33*D77) -> 25 | I77: =IF(G77>H77,1,0) -> 0 | J77: =IF(D77<12,24.5,IF(D77>17.5,26.5,20.14+D77*0.36363636)) -> 24.5
B78: 0.083333333 | C78: =Ergebnisse!O78 -> 4.2 | D78: =AVERAGE(C31:C78) -> 5.85625 | E78: =Ergebnisse!C78 -> 0.455 | F78: =Ergebnisse!D78 -> 21.1 | G78: =IF(E78>0,F78,0) -> 21.1 | H78: =IF(D78<10,25,21.8+0.33*D78) -> 25 | I78: =IF(G78>H78,1,0) -> 0 | J78: =IF(D78<12,24.5,IF(D78>17.5,26.5,20.14+D78*0.36363636)) -> 24.5 | Q78: Dry bulb temperature | R78: Operative temperature - mechanical ventilation (lower limit)
B79: 0.125 | C79: =Ergebnisse!O79 -> 4.1 | D79: =AVERAGE(C32:C79) -> 5.8291667 | E79: =Ergebnisse!C79 -> 0.455 | F79: =Ergebnisse!D79 -> 21.55 | G79: =IF(E79>0,F79,0) -> 21.55 | H79: =IF(D79<10,25,21.8+0.33*D79) -> 25 | I79: =IF(G79>H79,1,0) -> 0 | J79: =IF(D79<12,24.5,IF(D79>17.5,26.5,20.14+D79*0.36363636)) -> 24.5 | Q79: 5 | R79: 20.5
B80: 0.16666667 | C80: =Ergebnisse!O80 -> 4 | D80: =AVERAGE(C33:C80) -> 5.7958333 | E80: =Ergebnisse!C80 -> 0.455 | F80: =Ergebnisse!D80 -> 21.28 | G80: =IF(E80>0,F80,0) -> 21.28 | H80: =IF(D80<10,25,21.8+0.33*D80) -> 25 | I80: =IF(G80>H80,1,0) -> 0 | J80: =IF(D80<12,24.5,IF(D80>17.5,26.5,20.14+D80*0.36363636)) -> 24.5 | Q80: 6 | R80: 20.5
B81: 0.20833333 | C81: =Ergebnisse!O81 -> 3.9 | D81: =AVERAGE(C34:C81) -> 5.7583333 | E81: =Ergebnisse!C81 -> 0.455 | F81: =Ergebnisse!D81 -> 21.57 | G81: =IF(E81>0,F81,0) -> 21.57 | H81: =IF(D81<10,25,21.8+0.33*D81) -> 25 | I81: =IF(G81>H81,1,0) -> 0 | J81: =IF(D81<12,24.5,IF(D81>17.5,26.5,20.14+D81*0.36363636)) -> 24.5 | Q81: 7 | R81: 20.5
B82: 0.25 | C82: =Ergebnisse!O82 -> 4.1 | D82: =AVERAGE(C35:C82) -> 5.73125 | E82: =Ergebnisse!C82 -> 0.455 | F82: =Ergebnisse!D82 -> 21.21 | G82: =IF(E82>0,F82,0) -> 21.21 | H82: =IF(D82<10,25,21.8+0.33*D82) -> 25 | I82: =IF(G82>H82,1,0) -> 0 | J82: =IF(D82<12,24.5,IF(D82>17.5,26.5,20.14+D82*0.36363636)) -> 24.5 | Q82: 8 | R82: 20.5
B83: 0.29166667 | C83: =Ergebnisse!O83 -> 4.2 | D83: =AVERAGE(C36:C83) -> 5.7145833 | E83: =Ergebnisse!C83 -> 0.455 | F83: =Ergebnisse!D83 -> 21.19 | G83: =IF(E83>0,F83,0) -> 21.19 | H83: =IF(D83<10,25,21.8+0.33*D83) -> 25 | I83: =IF(G83>H83,1,0) -> 0 | J83: =IF(D83<12,24.5,IF(D83>17.5,26.5,20.14+D83*0.36363636)) -> 24.5 | Q83: 9 | R83: 20.5
B84: 0.33333333 | C84: =Ergebnisse!O84 -> 4.3 | D84: =AVERAGE(C37:C84) -> 5.6791667 | E84: =Ergebnisse!C84 -> 0.455 | F84: =Ergebnisse!D84 -> 21.29 | G84: =IF(E84>0,F84,0) -> 21.29 | H84: =IF(D84<10,25,21.8+0.33*D84) -> 25 | I84: =IF(G84>H84,1,0) -> 0 | J84: =IF(D84<12,24.5,IF(D84>17.5,26.5,20.14+D84*0.36363636)) -> 24.5 | Q84: 19 | R84: 20.5
B85: 0.375 | C85: =Ergebnisse!O85 -> 4.2 | D85: =AVERAGE(C38:C85) -> 5.6354167 | E85: =Ergebnisse!C85 -> 0.455 | F85: =Ergebnisse!D85 -> 21.49 | G85: =IF(E85>0,F85,0) -> 21.49 | H85: =IF(D85<10,25,21.8+0.33*D85) -> 25 | I85: =IF(G85>H85,1,0) -> 0 | J85: =IF(D85<12,24.5,IF(D85>17.5,26.5,20.14+D85*0.36363636)) -> 24.5 | Q85: 23.5 | R85: 22
B86: 0.41666667 | C86: =Ergebnisse!O86 -> 4.6 | D86: =AVERAGE(C39:C86) -> 5.575 | E86: =Ergebnisse!C86 -> 0.455 | F86: =Ergebnisse!D86 -> 21.45 | G86: =IF(E86>0,F86,0) -> 21.45 | H86: =IF(D86<10,25,21.8+0.33*D86) -> 25 | I86: =IF(G86>H86,1,0) -> 0 | J86: =IF(D86<12,24.5,IF(D86>17.5,26.5,20.14+D86*0.36363636)) -> 24.5 | Q86: 35 | R86: 22
B87: 0.45833333 | C87: =Ergebnisse!O87 -> 5.7 | D87: =AVERAGE(C40:C87) -> 5.49375 | E87: =Ergebnisse!C87 -> 0.455 | F87: =Ergebnisse!D87 -> 21.18 | G87: =IF(E87>0,F87,0) -> 21.18 | H87: =IF(D87<10,25,21.8+0.33*D87) -> 25 | I87: =IF(G87>H87,1,0) -> 0 | J87: =IF(D87<12,24.5,IF(D87>17.5,26.5,20.14+D87*0.36363636)) -> 24.5
B88: 0.5 | C88: =Ergebnisse!O88 -> 7 | D88: =AVERAGE(C41:C88) -> 5.425 | E88: =Ergebnisse!C88 -> 0.455 | F88: =Ergebnisse!D88 -> 20.87 | G88: =IF(E88>0,F88,0) -> 20.87 | H88: =IF(D88<10,25,21.8+0.33*D88) -> 25 | I88: =IF(G88>H88,1,0) -> 0 | J88: =IF(D88<12,24.5,IF(D88>17.5,26.5,20.14+D88*0.36363636)) -> 24.5
B89: 0.54166667 | C89: =Ergebnisse!O89 -> 7.2 | D89: =AVERAGE(C42:C89) -> 5.3583333 | E89: =Ergebnisse!C89 -> 0.455 | F89: =Ergebnisse!D89 -> 20.86 | G89: =IF(E89>0,F89,0) -> 20.86 | H89: =IF(D89<10,25,21.8+0.33*D89) -> 25 | I89: =IF(G89>H89,1,0) -> 0 | J89: =IF(D89<12,24.5,IF(D89>17.5,26.5,20.14+D89*0.36363636)) -> 24.5 | Q89: Dry bulb temperature | R89: Operative temperature - natural ventilation
B90: 0.58333333 | C90: =Ergebnisse!O90 -> 7.3 | D90: =AVERAGE(C43:C90) -> 5.34375 | E90: =Ergebnisse!C90 -> 0.455 | F90: =Ergebnisse!D90 -> 20.86 | G90: =IF(E90>0,F90,0) -> 20.86 | H90: =IF(D90<10,25,21.8+0.33*D90) -> 25 | I90: =IF(G90>H90,1,0) -> 0 | J90: =IF(D90<12,24.5,IF(D90>17.5,26.5,20.14+D90*0.36363636)) -> 24.5 | Q90: 5 | R90: 25
B91: 0.625 | C91: =Ergebnisse!O91 -> 7.8 | D91: =AVERAGE(C44:C91) -> 5.3458333 | E91: =Ergebnisse!C91 -> 0.455 | F91: =Ergebnisse!D91 -> 21.29 | G91: =IF(E91>0,F91,0) -> 21.29 | H91: =IF(D91<10,25,21.8+0.33*D91) -> 25 | I91: =IF(G91>H91,1,0) -> 0 | J91: =IF(D91<12,24.5,IF(D91>17.5,26.5,20.14+D91*0.36363636)) -> 24.5 | Q91: 6 | R91: 25
B92: 0.66666667 | C92: =Ergebnisse!O92 -> 6.2 | D92: =AVERAGE(C45:C92) -> 5.3020833 | E92: =Ergebnisse!C92 -> 0.455 | F92: =Ergebnisse!D92 -> 21.3 | G92: =IF(E92>0,F92,0) -> 21.3 | H92: =IF(D92<10,25,21.8+0.33*D92) -> 25 | I92: =IF(G92>H92,1,0) -> 0 | J92: =IF(D92<12,24.5,IF(D92>17.5,26.5,20.14+D92*0.36363636)) -> 24.5 | Q92: 7 | R92: 25
B93: 0.70833333 | C93: =Ergebnisse!O93 -> 6.8 | D93: =AVERAGE(C46:C93) -> 5.2708333 | E93: =Ergebnisse!C93 -> 0.455 | F93: =Ergebnisse!D93 -> 21.18 | G93: =IF(E93>0,F93,0) -> 21.18 | H93: =IF(D93<10,25,21.8+0.33*D93) -> 25 | I93: =IF(G93>H93,1,0) -> 0 | J93: =IF(D93<12,24.5,IF(D93>17.5,26.5,20.14+D93*0.36363636)) -> 24.5 | Q93: 8 | R93: 25
B94: 0.75 | C94: =Ergebnisse!O94 -> 7.8 | D94: =AVERAGE(C47:C94) -> 5.2666667 | E94: =Ergebnisse!C94 -> 0.455 | F94: =Ergebnisse!D94 -> 20.91 | G94: =IF(E94>0,F94,0) -> 20.91 | H94: =IF(D94<10,25,21.8+0.33*D94) -> 25 | I94: =IF(G94>H94,1,0) -> 0 | J94: =IF(D94<12,24.5,IF(D94>17.5,26.5,20.14+D94*0.36363636)) -> 24.5 | Q94: 9 | R94: 25
B95: 0.79166667 | C95: =Ergebnisse!O95 -> 7.2 | D95: =AVERAGE(C48:C95) -> 5.2520833 | E95: =Ergebnisse!C95 -> 0.455 | F95: =Ergebnisse!D95 -> 21.38 | G95: =IF(E95>0,F95,0) -> 21.38 | H95: =IF(D95<10,25,21.8+0.33*D95) -> 25 | I95: =IF(G95>H95,1,0) -> 0 | J95: =IF(D95<12,24.5,IF(D95>17.5,26.5,20.14+D95*0.36363636)) -> 24.5 | Q95: 10 | R95: 25
B96: 0.83333333 | C96: =Ergebnisse!O96 -> 6.3 | D96: =AVERAGE(C49:C96) -> 5.2229167 | E96: =Ergebnisse!C96 -> 0.455 | F96: =Ergebnisse!D96 -> 21.53 | G96: =IF(E96>0,F96,0) -> 21.53 | H96: =IF(D96<10,25,21.8+0.33*D96) -> 25 | I96: =IF(G96>H96,1,0) -> 0 | J96: =IF(D96<12,24.5,IF(D96>17.5,26.5,20.14+D96*0.36363636)) -> 24.5 | Q96: 25 | R96: 30
B97: 0.875 | C97: =Ergebnisse!O97 -> 5.8 | D97: =AVERAGE(C50:C97) -> 5.1958333 | E97: =Ergebnisse!C97 -> 0.455 | F97: =Ergebnisse!D97 -> 21.36 | G97: =IF(E97>0,F97,0) -> 21.36 | H97: =IF(D97<10,25,21.8+0.33*D97) -> 25 | I97: =IF(G97>H97,1,0) -> 0 | J97: =IF(D97<12,24.5,IF(D97>17.5,26.5,20.14+D97*0.36363636)) -> 24.5 | Q97: 27 | R97: 30.666
B98: 0.91666667 | C98: =Ergebnisse!O98 -> 5.2 | D98: =AVERAGE(C51:C98) -> 5.1604167 | E98: =Ergebnisse!C98 -> 0.455 | F98: =Ergebnisse!D98 -> 21.22 | G98: =IF(E98>0,F98,0) -> 21.22 | H98: =IF(D98<10,25,21.8+0.33*D98) -> 25 | I98: =IF(G98>H98,1,0) -> 0 | J98: =IF(D98<12,24.5,IF(D98>17.5,26.5,20.14+D98*0.36363636)) -> 24.5
B99: 0.95833333 | C99: =Ergebnisse!O99 -> 4.6 | D99: =AVERAGE(C52:C99) -> 5.1229167 | E99: =Ergebnisse!C99 -> 0.455 | F99: =Ergebnisse!D99 -> 21.12 | G99: =IF(E99>0,F99,0) -> 21.12 | H99: =IF(D99<10,25,21.8+0.33*D99) -> 25 | I99: =IF(G99>H99,1,0) -> 0 | J99: =IF(D99<12,24.5,IF(D99>17.5,26.5,20.14+D99*0.36363636)) -> 24.5
A100: Sun, 20/Apr | B100: 1 | C100: =Ergebnisse!O100 -> 4.3 | D100: =AVERAGE(C53:C100) -> 5.1041667 | E100: =Ergebnisse!C100 -> 0.455 | F100: =Ergebnisse!D100 -> 21.54 | G100: =IF(E100>0,F100,0) -> 21.54 | H100: =IF(D100<10,25,21.8+0.33*D100) -> 25 | I100: =IF(G100>H100,1,0) -> 0 | J100: =IF(D100<12,24.5,IF(D100>17.5,26.5,20.14+D100*0.36363636)) -> 24.5
B101: 0.041666667 | C101: =Ergebnisse!O101 -> 4.1 | D101: =AVERAGE(C54:C101) -> 5.0895833 | E101: =Ergebnisse!C101 -> 0.455 | F101: =Ergebnisse!D101 -> 21.2 | G101: =IF(E101>0,F101,0) -> 21.2 | H101: =IF(D101<10,25,21.8+0.33*D101) -> 25 | I101: =IF(G101>H101,1,0) -> 0 | J101: =IF(D101<12,24.5,IF(D101>17.5,26.5,20.14+D101*0.36363636)) -> 24.5
B102: 0.083333333 | C102: =Ergebnisse!O102 -> 3.7 | D102: =AVERAGE(C55:C102) -> 5.0625 | E102: =Ergebnisse!C102 -> 0.455 | F102: =Ergebnisse!D102 -> 21.3 | G102: =IF(E102>0,F102,0) -> 21.3 | H102: =IF(D102<10,25,21.8+0.33*D102) -> 25 | I102: =IF(G102>H102,1,0) -> 0 | J102: =IF(D102<12,24.5,IF(D102>17.5,26.5,20.14+D102*0.36363636)) -> 24.5
B103: 0.125 | C103: =Ergebnisse!O103 -> 3.4 | D103: =AVERAGE(C56:C103) -> 5.0375 | E103: =Ergebnisse!C103 -> 0.455 | F103: =Ergebnisse!D103 -> 21.45 | G103: =IF(E103>0,F103,0) -> 21.45 | H103: =IF(D103<10,25,21.8+0.33*D103) -> 25 | I103: =IF(G103>H103,1,0) -> 0 | J103: =IF(D103<12,24.5,IF(D103>17.5,26.5,20.14+D103*0.36363636)) -> 24.5
B104: 0.16666667 | C104: =Ergebnisse!O104 -> 3.1 | D104: =AVERAGE(C57:C104) -> 5.0020833 | E104: =Ergebnisse!C104 -> 0.455 | F104: =Ergebnisse!D104 -> 21.27 | G104: =IF(E104>0,F104,0) -> 21.27 | H104: =IF(D104<10,25,21.8+0.33*D104) -> 25 | I104: =IF(G104>H104,1,0) -> 0 | J104: =IF(D104<12,24.5,IF(D104>17.5,26.5,20.14+D104*0.36363636)) -> 24.5
B105: 0.20833333 | C105: =Ergebnisse!O105 -> 2.5 | D105: =AVERAGE(C58:C105) -> 4.9541667 | E105: =Ergebnisse!C105 -> 0.455 | F105: =Ergebnisse!D105 -> 21.38 | G105: =IF(E105>0,F105,0) -> 21.38 | H105: =IF(D105<10,25,21.8+0.33*D105) -> 25 | I105: =IF(G105>H105,1,0) -> 0 | J105: =IF(D105<12,24.5,IF(D105>17.5,26.5,20.14+D105*0.36363636)) -> 24.5
B106: 0.25 | C106: =Ergebnisse!O106 -> 2.1 | D106: =AVERAGE(C59:C106) -> 4.9020833 | E106: =Ergebnisse!C106 -> 0.455 | F106: =Ergebnisse!D106 -> 21.24 | G106: =IF(E106>0,F106,0) -> 21.24 | H106: =IF(D106<10,25,21.8+0.33*D106) -> 25 | I106: =IF(G106>H106,1,0) -> 0 | J106: =IF(D106<12,24.5,IF(D106>17.5,26.5,20.14+D106*0.36363636)) -> 24.5
B107: 0.29166667 | C107: =Ergebnisse!O107 -> 2.7 | D107: =AVERAGE(C60:C107) -> 4.8708333 | E107: =Ergebnisse!C107 -> 0.455 | F107: =Ergebnisse!D107 -> 21.54 | G107: =IF(E107>0,F107,0) -> 21.54 | H107: =IF(D107<10,25,21.8+0.33*D107) -> 25 | I107: =IF(G107>H107,1,0) -> 0 | J107: =IF(D107<12,24.5,IF(D107>17.5,26.5,20.14+D107*0.36363636)) -> 24.5
B108: 0.33333333 | C108: =Ergebnisse!O108 -> 3.5 | D108: =AVERAGE(C61:C108) -> 4.8666667 | E108: =Ergebnisse!C108 -> 0.455 | F108: =Ergebnisse!D108 -> 21.37 | G108: =IF(E108>0,F108,0) -> 21.37 | H108: =IF(D108<10,25,21.8+0.33*D108) -> 25 | I108: =IF(G108>H108,1,0) -> 0 | J108: =IF(D108<12,24.5,IF(D108>17.5,26.5,20.14+D108*0.36363636)) -> 24.5
B109: 0.375 | C109: =Ergebnisse!O109 -> 5.7 | D109: =AVERAGE(C62:C109) -> 4.8854167 | E109: =Ergebnisse!C109 -> 0.455 | F109: =Ergebnisse!D109 -> 20.82 | G109: =IF(E109>0,F109,0) -> 20.82 | H109: =IF(D109<10,25,21.8+0.33*D109) -> 25 | I109: =IF(G109>H109,1,0) -> 0 | J109: =IF(D109<12,24.5,IF(D109>17.5,26.5,20.14+D109*0.36363636)) -> 24.5
B110: 0.41666667 | C110: =Ergebnisse!O110 -> 8.5 | D110: =AVERAGE(C63:C110) -> 4.9541667 | E110: =Ergebnisse!C110 -> 0.455 | F110: =Ergebnisse!D110 -> 21.07 | G110: =IF(E110>0,F110,0) -> 21.07 | H110: =IF(D110<10,25,21.8+0.33*D110) -> 25 | I110: =IF(G110>H110,1,0) -> 0 | J110: =IF(D110<12,24.5,IF(D110>17.5,26.5,20.14+D110*0.36363636)) -> 24.5
B111: 0.45833333 | C111: =Ergebnisse!O111 -> 10.4 | D111: =AVERAGE(C64:C111) -> 5.0645833 | E111: =Ergebnisse!C111 -> 0.455 | F111: =Ergebnisse!D111 -> 21.37 | G111: =IF(E111>0,F111,0) -> 21.37 | H111: =IF(D111<10,25,21.8+0.33*D111) -> 25 | I111: =IF(G111>H111,1,0) -> 0 | J111: =IF(D111<12,24.5,IF(D111>17.5,26.5,20.14+D111*0.36363636)) -> 24.5
B112: 0.5 | C112: =Ergebnisse!O112 -> 12.2 | D112: =AVERAGE(C65:C112) -> 5.2083333 | E112: =Ergebnisse!C112 -> 0.455 | F112: =Ergebnisse!D112 -> 21.42 | G112: =IF(E112>0,F112,0) -> 21.42 | H112: =IF(D112<10,25,21.8+0.33*D112) -> 25 | I112: =IF(G112>H112,1,0) -> 0 | J112: =IF(D112<12,24.5,IF(D112>17.5,26.5,20.14+D112*0.36363636)) -> 24.5
... B123: 0.95833333 | C123: =Ergebnisse!O123 -> 11.2 | D123: =AVERAGE(C76:C123) -> 7.4125 | E123: =Ergebnisse!C123 -> 0.455 | F123: =Ergebnisse!D123 -> 21.23 | G123: =IF(E123>0,F123,0) -> 21.23 | H123: =IF(D123<10,25,21.8+0.33*D123) -> 25 | I123: =IF(G123>H123,1,0) -> 0 | J123: =IF(D123<12,24.5,IF(D123>17.5,26.5,20.14+D123*0.36363636)) -> 24.5
A124: Mon, 21/Apr | B124: 1 | C124: =Ergebnisse!O124 -> 10.5 | D124: =AVERAGE(C77:C124) -> 7.5416667 | E124: =Ergebnisse!C124 -> 0.455 | F124: =Ergebnisse!D124 -> 21.36 | G124: =IF(E124>0,F124,0) -> 21.36 | H124: =IF(D124<10,25,21.8+0.33*D124) -> 25 | I124: =IF(G124>H124,1,0) -> 0 | J124: =IF(D124<12,24.5,IF(D124>17.5,26.5,20.14+D124*0.36363636)) -> 24.5
B125: 0.041666667 | C125: =Ergebnisse!O125 -> 9.6 | D125: =AVERAGE(C78:C125) -> 7.6541667 | E125: =Ergebnisse!C125 -> 0.455 | F125: =Ergebnisse!D125 -> 20.79 | G125: =IF(E125>0,F125,0) -> 20.79 | H125: =IF(D125<10,25,21.8+0.33*D125) -> 25 | I125: =IF(G125>H125,1,0) -> 0 | J125: =IF(D125<12,24.5,IF(D125>17.5,26.5,20.14+D125*0.36363636)) -> 24.5
B126: 0.083333333 | C126: =Ergebnisse!O126 -> 9.9 | D126: =AVERAGE(C79:C126) -> 7.7729167 | E126: =Ergebnisse!C126 -> 0.455 | F126: =Ergebnisse!D126 -> 21.44 | G126: =IF(E126>0,F126,0) -> 21.44 | H126: =IF(D126<10,25,21.8+0.33*D126) -> 25 | I126: =IF(G126>H126,1,0) -> 0 | J126: =IF(D126<12,24.5,IF(D126>17.5,26.5,20.14+D126*0.36363636)) -> 24.5
B127: 0.125 | C127: =Ergebnisse!O127 -> 10 | D127: =AVERAGE(C80:C127) -> 7.8958333 | E127: =Ergebnisse!C127 -> 0.455 | F127: =Ergebnisse!D127 -> 21.27 | G127: =IF(E127>0,F127,0) -> 21.27 | H127: =IF(D127<10,25,21.8+0.33*D127) -> 25 | I127: =IF(G127>H127,1,0) -> 0 | J127: =IF(D127<12,24.5,IF(D127>17.5,26.5,20.14+D127*0.36363636)) -> 24.5
B128: 0.16666667 | C128: =Ergebnisse!O128 -> 9.7 | D128: =AVERAGE(C81:C128) -> 8.0145833 | E128: =Ergebnisse!C128 -> 0.455 | F128: =Ergebnisse!D128 -> 20.97 | G128: =IF(E128>0,F128,0) -> 20.97 | H128: =IF(D128<10,25,21.8+0.33*D128) -> 25 | I128: =IF(G128>H128,1,0) -> 0 | J128: =IF(D128<12,24.5,IF(D128>17.5,26.5,20.14+D128*0.36363636)) -> 24.5
B129: 0.20833333 | C129: =Ergebnisse!O129 -> 9.4 | D129: =AVERAGE(C82:C129) -> 8.1291667 | E129: =Ergebnisse!C129 -> 0.455 | F129: =Ergebnisse!D129 -> 21.22 | G129: =IF(E129>0,F129,0) -> 21.22 | H129: =IF(D129<10,25,21.8+0.33*D129) -> 25 | I129: =IF(G129>H129,1,0) -> 0 | J129: =IF(D129<12,24.5,IF(D129>17.5,26.5,20.14+D129*0.36363636)) -> 24.5
B130: 0.25 | C130: =Ergebnisse!O130 -> 9.3 | D130: =AVERAGE(C83:C130) -> 8.2375 | E130: =Ergebnisse!C130 -> 0.455 | F130: =Ergebnisse!D130 -> 21.37 | G130: =IF(E130>0,F130,0) -> 21.37 | H130: =IF(D130<10,25,21.8+0.33*D130) -> 25 | I130: =IF(G130>H130,1,0) -> 0 | J130: =IF(D130<12,24.5,IF(D130>17.5,26.5,20.14+D130*0.36363636)) -> 24.5
B131: 0.29166667 | C131: =Ergebnisse!O131 -> 9.3 | D131: =AVERAGE(C84:C131) -> 8.34375 | E131: =Ergebnisse!C131 -> 0.455 | F131: =Ergebnisse!D131 -> 21.27 | G131: =IF(E131>0,F131,0) -> 21.27 | H131: =IF(D131<10,25,21.8+0.33*D131) -> 25 | I131: =IF(G131>H131,1,0) -> 0 | J131: =IF(D131<12,24.5,IF(D131>17.5,26.5,20.14+D131*0.36363636)) -> 24.5
B132: 0.33333333 | C132: =Ergebnisse!O132 -> 9.1 | D132: =AVERAGE(C85:C132) -> 8.44375 | E132: =Ergebnisse!C132 -> 0.455 | F132: =Ergebnisse!D132 -> 20.98 | G132: =IF(E132>0,F132,0) -> 20.98 | H132: =IF(D132<10,25,21.8+0.33*D132) -> 25 | I132: =IF(G132>H132,1,0) -> 0 | J132: =IF(D132<12,24.5,IF(D132>17.5,26.5,20.14+D132*0.36363636)) -> 24.5
B133: 0.375 | C133: =Ergebnisse!O133 -> 9.1 | D133: =AVERAGE(C86:C133) -> 8.5458333 | E133: =Ergebnisse!C133 -> 0.455 | F133: =Ergebnisse!D133 -> 21.29 | G133: =IF(E133>0,F133,0) -> 21.29 | H133: =IF(D133<10,25,21.8+0.33*D133) -> 25 | I133: =IF(G133>H133,1,0) -> 0 | J133: =IF(D133<12,24.5,IF(D133>17.5,26.5,20.14+D133*0.36363636)) -> 24.5
B134: 0.41666667 | C134: =Ergebnisse!O134 -> 9 | D134: =AVERAGE(C87:C134) -> 8.6375 | E134: =Ergebnisse!C134 -> 0.455 | F134: =Ergebnisse!D134 -> 21.4 | G134: =IF(E134>0,F134,0) -> 21.4 | H134: =IF(D134<10,25,21.8+0.33*D134) -> 25 | I134: =IF(G134>H134,1,0) -> 0 | J134: =IF(D134<12,24.5,IF(D134>17.5,26.5,20.14+D134*0.36363636)) -> 24.5
B135: 0.45833333 | C135: =Ergebnisse!O135 -> 9.3 | D135: =AVERAGE(C88:C135) -> 8.7125 | E135: =Ergebnisse!C135 -> 0.455 | F135: =Ergebnisse!D135 -> 20.97 | G135: =IF(E135>0,F135,0) -> 20.97 | H135: =IF(D135<10,25,21.8+0.33*D135) -> 25 | I135: =IF(G135>H135,1,0) -> 0 | J135: =IF(D135<12,24.5,IF(D135>17.5,26.5,20.14+D135*0.36363636)) -> 24.5
B136: 0.5 | C136: =Ergebnisse!O136 -> 9.8 | D136: =AVERAGE(C89:C136) -> 8.7708333 | E136: =Ergebnisse!C136 -> 0.455 | F136: =Ergebnisse!D136 -> 21.1 | G136: =IF(E136>0,F136,0) -> 21.1 | H136: =IF(D136<10,25,21.8+0.33*D136) -> 25 | I136: =IF(G136>H136,1,0) -> 0 | J136: =IF(D136<12,24.5,IF(D136>17.5,26.5,20.14+D136*0.36363636)) -> 24.5
... B147: 0.95833333 | C147: =Ergebnisse!O147 -> 10.9 | D147: =AVERAGE(C100:C147) -> 10.275 | E147: =Ergebnisse!C147 -> 0.455 | F147: =Ergebnisse!D147 -> 20.91 | G147: =IF(E147>0,F147,0) -> 20.91 | H147: =IF(D147<10,25,21.8+0.33*D147) -> 25.19075 | I147: =IF(G147>H147,1,0) -> 0 | J147: =IF(D147<12,24.5,IF(D147>17.5,26.5,20.14+D147*0.36363636)) -> 24.5
A148: Tue, 22/Apr | B148: 1 | C148: =Ergebnisse!O148 -> 10 | D148: =AVERAGE(C101:C148) -> 10.39375 | E148: =Ergebnisse!C148 -> 0.455 | F148: =Ergebnisse!D148 -> 21.22 | G148: =IF(E148>0,F148,0) -> 21.22 | H148: =IF(D148<10,25,21.8+0.33*D148) -> 25.229938 | I148: =IF(G148>H148,1,0) -> 0 | J148: =IF(D148<12,24.5,IF(D148>17.5,26.5,20.14+D148*0.36363636)) -> 24.5
B149: 0.041666667 | C149: =Ergebnisse!O149 -> 9.3 | D149: =AVERAGE(C102:C149) -> 10.502083 | E149: =Ergebnisse!C149 -> 0.455 | F149: =Ergebnisse!D149 -> 21.34 | G149: =IF(E149>0,F149,0) -> 21.34 | H149: =IF(D149<10,25,21.8+0.33*D149) -> 25.265688 | I149: =IF(G149>H149,1,0) -> 0 | J149: =IF(D149<12,24.5,IF(D149>17.5,26.5,20.14+D149*0.36363636)) -> 24.5
...

Sheet Ergebnisse
C1: Internal gain (kW) | D1: =J1 -> Dry resultant temperature (°C) | J1: Dry resultant temperature (°C) | O1: Dry-bulb temperature (°C)
C2: OG02-Zone 1 | D2: =J2 -> OG02-Zone 1 | J2: OG02-Zone 1
A3: Date | B3: Time | C3: ZOER_C1.aps | D3: =J3 -> ZOER_C1.aps | H3: Date | I3: Time | J3: ZOER_C1.aps | M3: Date | N3: Time | O3: SMA_2035_RCP85_DRY.epw
A4: Wed, 16/Apr | B4: 0.020833333 | C4: 0.455 | D4: =J4 -> 21.28 | H4: Wed, 16/Apr | I4: 0.020833333 | J4: 21.28 | M4: Wed, 16/Apr | N4: 1
B5: 0.0625 | C5: 0.455 | D5: =J5 -> 21.26 | I5: 0.0625 | J5: 21.26 | N5: 0.041666667 | O5: 6.8
B6: 0.10416667 | C6: 0.455 | D6: =J6 -> 21.27 | I6: 0.10416667 | J6: 21.27 | N6: 0.083333333 | O6: 4.7
B7: 0.14583333 | C7: 0.455 | D7: =J7 -> 21.46 | I7: 0.14583333 | J7: 21.46 | N7: 0.125 | O7: 3.3
B8: 0.1875 | C8: 0.455 | D8: =J8 -> 21.32 | I8: 0.1875 | J8: 21.32 | N8: 0.16666667 | O8: 3.4
B9: 0.22916667 | C9: 0.455 | D9: =J9 -> 21.5 | I9: 0.22916667 | J9: 21.5 | N9: 0.20833333 | O9: 3.8
B10: 0.27083333 | C10: 0.455 | D10: =J10 -> 21.18 | I10: 0.27083333 | J10: 21.18 | N10: 0.25 | O10: 3.8
B11: 0.3125 | C11: 0.455 | D11: =J11 -> 21.35 | I11: 0.3125 | J11: 21.35 | N11: 0.29166667 | O11: 4
B12: 0.35416667 | C12: 0.455 | D12: =J12 -> 21.59 | I12: 0.35416667 | J12: 21.59 | N12: 0.33333333 | O12: 4.4
B13: 0.39583333 | C13: 0.455 | D13: =J13 -> 21.02 | I13: 0.39583333 | J13: 21.02 | N13: 0.375 | O13: 5
B14: 0.4375 | C14: 0.455 | D14: =J14 -> 21.21 | I14: 0.4375 | J14: 21.21 | N14: 0.41666667 | O14: 6.7
B15: 0.47916667 | C15: 0.455 | D15: =J15 -> 20.83 | I15: 0.47916667 | J15: 20.83 | N15: 0.45833333 | O15: 6.6
B16: 0.52083333 | C16: 0.455 | D16: =J16 -> 20.89 | I16: 0.52083333 | J16: 20.89 | N16: 0.5 | O16: 7.4
... B27: 0.97916667 | C27: 0.455 | D27: =J27 -> 21.23 | I27: 0.97916667 | J27: 21.23 | N27: 0.95833333 | O27: 6.7
A28: Thu, 17/Apr | B28: 0.020833333 | C28: 0.455 | D28: =J28 -> 21.27 | H28: Thu, 17/Apr | I28: 0.020833333 | J28: 21.27 | M28: Thu, 17/Apr | N28: 1 | O28: 5.7
B29: 0.0625 | C29: 0.455 | D29: =J29 -> 21.26 | I29: 0.0625 | J29: 21.26 | N29: 0.041666667 | O29: 6.2
B30: 0.10416667 | C30: 0.455 | D30: =J30 -> 21.41 | I30: 0.10416667 | J30: 21.41 | N30: 0.083333333 | O30: 6.3
B31: 0.14583333 | C31: 0.455 | D31: =J31 -> 21.46 | I31: 0.14583333 | J31: 21.46 | N31: 0.125 | O31: 5.4
B32: 0.1875 | C32: 0.455 | D32: =J32 -> 21.33 | I32: 0.1875 | J32: 21.33 | N32: 0.16666667 | O32: 5.6
B33: 0.22916667 | C33: 0.455 | D33: =J33 -> 21.25 | I33: 0.22916667 | J33: 21.25 | N33: 0.20833333 | O33: 5.7
B34: 0.27083333 | C34: 0.455 | D34: =J34 -> 21.2 | I34: 0.27083333 | J34: 21.2 | N34: 0.25 | O34: 5.4
B35: 0.3125 | C35: 0.455 | D35: =J35 -> 21.29 | I35: 0.3125 | J35: 21.29 | N35: 0.29166667 | O35: 5
B36: 0.35416667 | C36: 0.455 | D36: =J36 -> 21.41 | I36: 0.35416667 | J36: 21.41 | N36: 0.33333333 | O36: 6
B37: 0.39583333 | C37: 0.455 | D37: =J37 -> 21.52 | I37: 0.39583333 | J37: 21.52 | N37: 0.375 | O37: 6.3
B38: 0.4375 | C38: 0.455 | D38: =J38 -> 21.05 | I38: 0.4375 | J38: 21.05 | N38: 0.41666667 | O38: 7.5
B39: 0.47916667 | C39: 0.455 | D39: =J39 -> 21.11 | I39: 0.47916667 | J39: 21.11 | N39: 0.45833333 | O39: 9.6
B40: 0.52083333 | C40: 0.455 | D40: =J40 -> 21.03 | I40: 0.52083333 | J40: 21.03 | N40: 0.5 | O40: 10.3
... B51: 0.97916667 | C51: 0.455 | D51: =J51 -> 21.28 | I51: 0.97916667 | J51: 21.28 | N51: 0.95833333 | O51: 6.4
A52: Fri, 18/Apr | B52: 0.020833333 | C52: 0.455 | D52: =J52 -> 21.17 | H52: Fri, 18/Apr | I52: 0.020833333 | J52: 21.17 | M52: Fri, 18/Apr | N52: 1 | O52: 5.2
B53: 0.0625 | C53: 0.455 | D53: =J53 -> 21.31 | I53: 0.0625 | J53: 21.31 | N53: 0.041666667 | O53: 4.8
B54: 0.10416667 | C54: 0.455 | D54: =J54 -> 21.37 | I54: 0.10416667 | J54: 21.37 | N54: 0.083333333 | O54: 5
B55: 0.14583333 | C55: 0.455 | D55: =J55 -> 21.22 | I55: 0.14583333 | J55: 21.22 | N55: 0.125 | O55: 4.6
B56: 0.1875 | C56: 0.455 | D56: =J56 -> 21.14 | I56: 0.1875 | J56: 21.14 | N56: 0.16666667 | O56: 4.8
B57: 0.22916667 | C57: 0.455 | D57: =J57 -> 21.09 | I57: 0.22916667 | J57: 21.09 | N57: 0.20833333 | O57: 4.8
B58: 0.27083333 | C58: 0.455 | D58: =J58 -> 21.52 | I58: 0.27083333 | J58: 21.52 | N58: 0.25 | O58: 4.6
B59: 0.3125 | C59: 0.455 | D59: =J59 -> 21.21 | I59: 0.3125 | J59: 21.21 | N59: 0.29166667 | O59: 4.2
B60: 0.35416667 | C60: 0.455 | D60: =J60 -> 21.24 | I60: 0.35416667 | J60: 21.24 | N60: 0.33333333 | O60: 3.7
B61: 0.39583333 | C61: 0.455 | D61: =J61 -> 21.35 | I61: 0.39583333 | J61: 21.35 | N61: 0.375 | O61: 4.8
B62: 0.4375 | C62: 0.455 | D62: =J62 -> 21.3 | I62: 0.4375 | J62: 21.3 | N62: 0.41666667 | O62: 5.2
B63: 0.47916667 | C63: 0.455 | D63: =J63 -> 21.33 | I63: 0.47916667 | J63: 21.33 | N63: 0.45833333 | O63: 5.1
B64: 0.52083333 | C64: 0.455 | D64: =J64 -> 21.48 | I64: 0.52083333 | J64: 21.48 | N64: 0.5 | O64: 5.3
... B75: 0.97916667 | C75: 0.455 | D75: =J75 -> 21.13 | I75: 0.97916667 | J75: 21.13 | N75: 0.95833333 | O75: 4.3
A76: Sat, 19/Apr | B76: 0.020833333 | C76: 0.455 | D76: =J76 -> 21.29 | H76: Sat, 19/Apr | I76: 0.020833333 | J76: 21.29 | M76: Sat, 19/Apr | N76: 1 | O76: 4.3
B77: 0.0625 | C77: 0.455 | D77: =J77 -> 21.48 | I77: 0.0625 | J77: 21.48 | N77: 0.041666667 | O77: 4.2
B78: 0.10416667 | C78: 0.455 | D78: =J78 -> 21.1 | I78: 0.10416667 | J78: 21.1 | N78: 0.083333333 | O78: 4.2
B79: 0.14583333 | C79: 0.455 | D79: =J79 -> 21.55 | I79: 0.14583333 | J79: 21.55 | N79: 0.125 | O79: 4.1
B80: 0.1875 | C80: 0.455 | D80: =J80 -> 21.28 | I80: 0.1875 | J80: 21.28 | N80: 0.16666667 | O80: 4
B81: 0.22916667 | C81: 0.455 | D81: =J81 -> 21.57 | I81: 0.22916667 | J81: 21.57 | N81: 0.20833333 | O81: 3.9
B82: 0.27083333 | C82: 0.455 | D82: =J82 -> 21.21 | I82: 0.27083333 | J82: 21.21 | N82: 0.25 | O82: 4.1
B83: 0.3125 | C83: 0.455 | D83: =J83 -> 21.19 | I83: 0.3125 | J83: 21.19 | N83: 0.29166667 | O83: 4.2
B84: 0.35416667 | C84: 0.455 | D84: =J84 -> 21.29 | I84: 0.35416667 | J84: 21.29 | N84: 0.33333333 | O84: 4.3
B85: 0.39583333 | C85: 0.455 | D85: =J85 -> 21.49 | I85: 0.39583333 | J85: 21.49 | N85: 0.375 | O85: 4.2
B86: 0.4375 | C86: 0.455 | D86: =J86 -> 21.45 | I86: 0.4375 | J86: 21.45 | N86: 0.41666667 | O86: 4.6
B87: 0.47916667 | C87: 0.455 | D87: =J87 -> 21.18 | I87: 0.47916667 | J87: 21.18 | N87: 0.45833333 | O87: 5.7
B88: 0.52083333 | C88: 0.455 | D88: =J88 -> 20.87 | I88: 0.52083333 | J88: 20.87 | N88: 0.5 | O88: 7
... B99: 0.97916667 | C99: 0.455 | D99: =J99 -> 21.12 | I99: 0.97916667 | J99: 21.12 | N99: 0.95833333 | O99: 4.6
A100: Sun, 20/Apr | B100: 0.020833333 | C100: 0.455 | D100: =J100 -> 21.54 | H100: Sun, 20/Apr | I100: 0.020833333 | J100: 21.54 | M100: Sun, 20/Apr | N100: 1 | O100: 4.3
B101: 0.0625 | C101: 0.455 | D101: =J101 -> 21.2 | I101: 0.0625 | J101: 21.2 | N101: 0.041666667 | O101: 4.1
B102: 0.10416667 | C102: 0.455 | D102: =J102 -> 21.3 | I102: 0.10416667 | J102: 21.3 | N102: 0.083333333 | O102: 3.7
B103: 0.14583333 | C103: 0.455 | D103: =J103 -> 21.45 | I103: 0.14583333 | J103: 21.45 | N103: 0.125 | O103: 3.4
B104: 0.1875 | C104: 0.455 | D104: =J104 -> 21.27 | I104: 0.1875 | J104: 21.27 | N104: 0.16666667 | O104: 3.1
B105: 0.22916667 | C105: 0.455 | D105: =J105 -> 21.38 | I105: 0.22916667 | J105: 21.38 | N105: 0.20833333 | O105: 2.5
B106: 0.27083333 | C106: 0.455 | D106: =J106 -> 21.24 | I106: 0.27083333 | J106: 21.24 | N106: 0.25 | O106: 2.1
B107: 0.3125 | C107: 0.455 | D107: =J107 -> 21.54 | I107: 0.3125 | J107: 21.54 | N107: 0.29166667 | O107: 2.7
B108: 0.35416667 | C108: 0.455 | D108: =J108 -> 21.37 | I108: 0.35416667 | J108: 21.37 | N108: 0.33333333 | O108: 3.5
B109: 0.39583333 | C109: 0.455 | D109: =J109 -> 20.82 | I109: 0.39583333 | J109: 20.82 | N109: 0.375 | O109: 5.7
B110: 0.4375 | C110: 0.455 | D110: =J110 -> 21.07 | I110: 0.4375 | J110: 21.07 | N110: 0.41666667 | O110: 8.5
B111: 0.47916667 | C111: 0.455 | D111: =J111 -> 21.37 | I111: 0.47916667 | J111: 21.37 | N111: 0.45833333 | O111: 10.4
B112: 0.52083333 | C112: 0.455 | D112: =J112 -> 21.42 | I112: 0.52083333 | J112: 21.42 | N112: 0.5 | O112: 12.2
... B123: 0.97916667 | C123: 0.455 | D123: =J123 -> 21.23 | I123: 0.97916667 | J123: 21.23 | N123: 0.95833333 | O123: 11.2
A124: Mon, 21/Apr | B124: 0.020833333 | C124: 0.455 | D124: =J124 -> 21.36 | H124: Mon, 21/Apr | I124: 0.020833333 | J124: 21.36 | M124: Mon, 21/Apr | N124: 1 | O124: 10.5
B125: 0.0625 | C125: 0.455 | D125: =J125 -> 20.79 | I125: 0.0625 | J125: 20.79 | N125: 0.041666667 | O125: 9.6
B126: 0.10416667 | C126: 0.455 | D126: =J126 -> 21.44 | I126: 0.10416667 | J126: 21.44 | N126: 0.083333333 | O126: 9.9
B127: 0.14583333 | C127: 0.455 | D127: =J127 -> 21.27 | I127: 0.14583333 | J127: 21.27 | N127: 0.125 | O127: 10
B128: 0.1875 | C128: 0.455 | D128: =J128 -> 20.97 | I128: 0.1875 | J128: 20.97 | N128: 0.16666667 | O128: 9.7
B129: 0.22916667 | C129: 0.455 | D129: =J129 -> 21.22 | I129: 0.22916667 | J129: 21.22 | N129: 0.20833333 | O129: 9.4
B130: 0.27083333 | C130: 0.455 | D130: =J130 -> 21.37 | I130: 0.27083333 | J130: 21.37 | N130: 0.25 | O130: 9.3
B131: 0.3125 | C131: 0.455 | D131: =J131 -> 21.27 | I131: 0.3125 | J131: 21.27 | N131: 0.29166667 | O131: 9.3
B132: 0.35416667 | C132: 0.455 | D132: =J132 -> 20.98 | I132: 0.35416667 | J132: 20.98 | N132: 0.33333333 | O132: 9.1
B133: 0.39583333 | C133: 0.455 | D133: =J133 -> 21.29 | I133: 0.39583333 | J133: 21.29 | N133: 0.375 | O133: 9.1
B134: 0.4375 | C134: 0.455 | D134: =J134 -> 21.4 | I134: 0.4375 | J134: 21.4 | N134: 0.41666667 | O134: 9
B135: 0.47916667 | C135: 0.455 | D135: =J135 -> 20.97 | I135: 0.47916667 | J135: 20.97 | N135: 0.45833333 | O135: 9.3
B136: 0.52083333 | C136: 0.455 | D136: =J136 -> 21.1 | I136: 0.52083333 | J136: 21.1 | N136: 0.5 | O136: 9.8
... B147: 0.97916667 | C147: 0.455 | D147: =J147 -> 20.91 | I147: 0.97916667 | J147: 20.91 | N147: 0.95833333 | O147: 10.9
A148: Tue, 22/Apr | B148: 0.020833333 | C148: 0.455 | D148: =J148 -> 21.22 | H148: Tue, 22/Apr | I148: 0.020833333 | J148: 21.22 | M148: Tue, 22/Apr | N148: 1 | O148: 10
B149: 0.0625 | C149: 0.455 | D149: =J149 -> 21.34 | I149: 0.0625 | J149: 21.34 | N149: 0.041666667 | O149: 9.3
B150: 0.10416667 | C150: 0.455 | D150: =J150 -> 21.31 | I150: 0.10416667 | J150: 21.31 | N150: 0.083333333 | O150: 8.7
B151: 0.14583333 | C151: 0.455 | D151: =J151 -> 21.25 | I151: 0.14583333 | J151: 21.25 | N151: 0.125 | O151: 8.6
B152: 0.1875 | C152: 0.455 | D152: =J152 -> 21.32 | I152: 0.1875 | J152: 21.32 | N152: 0.16666667 | O152: 7.9
B153: 0.22916667 | C153: 0.455 | D153: =J153 -> 21.32 | I153: 0.22916667 | J153: 21.32 | N153: 0.20833333 | O153: 7.7
B154: 0.27083333 | C154: 0.455 | D154: =J154 -> 21.35 | I154: 0.27083333 | J154: 21.35 | N154: 0.25 | O154: 7.5
B155: 0.3125 | C155: 0.455 | D155: =J155 -> 20.84 | I155: 0.3125 | J155: 20.84 | N155: 0.29166667 | O155: 7.9
B156: 0.35416667 | C156: 0.455 | D156: =J156 -> 20.75 | I156: 0.35416667 | J156: 20.75 | N156: 0.33333333 | O156: 9.4
B157: 0.39583333 | C157: 0.455 | D157: =J157 -> 21 | I157: 0.39583333 | J157: 21 | N157: 0.375 | O157: 11.2
B158: 0.4375 | C158: 0.455 | D158: =J158 -> 21.33 | I158: 0.4375 | J158: 21.33 | N158: 0.41666667 | O158: 13.1
B159: 0.47916667 | C159: 0.455 | D159: =J159 -> 21.64 | I159: 0.47916667 | J159: 21.64 | N159: 0.45833333 | O159: 15.3
B160: 0.52083333 | C160: 0.455 | D160: =J160 -> 21.98 | I160: 0.52083333 | J160: 21.98 | N160: 0.5 | O160: 17.1
...

Sheet Grafik
H41: Obere Grenzkurve - maximale operative Temperatur
H43: Untere Grenzkurve - minimale operative Temperatur
